reference_datetime,datetime,lead_h,model_id,family,mu,sigma
2026-09-26 00:00:00+00:00,2026-09-26 03:00:00+00:00,3,anomaly_ar1,normal,24.9615,0.3548
2026-09-26 00:00:00+00:00,2026-09-26 06:00:00+00:00,6,anomaly_ar1,normal,24.9864,0.4474
2026-09-26 00:00:00+00:00,2026-09-26 09:00:00+00:00,9,anomaly_ar1,normal,24.9582,0.5173
2026-09-26 00:00:00+00:00,2026-09-26 12:00:00+00:00,12,anomaly_ar1,normal,24.83,0.5735
2026-09-26 00:00:00+00:00,2026-09-26 15:00:00+00:00,15,anomaly_ar1,normal,24.7617,0.6201
2026-09-26 00:00:00+00:00,2026-09-26 18:00:00+00:00,18,anomaly_ar1,normal,24.8386,0.6595
2026-09-26 00:00:00+00:00,2026-09-26 21:00:00+00:00,21,anomaly_ar1,normal,25.0173,0.6934
2026-09-26 00:00:00+00:00,2026-09-27 00:00:00+00:00,24,anomaly_ar1,normal,25.3579,0.7228
2026-09-26 00:00:00+00:00,2026-09-27 03:00:00+00:00,27,anomaly_ar1,normal,25.5799,0.7485
2026-09-26 00:00:00+00:00,2026-09-27 06:00:00+00:00,30,anomaly_ar1,normal,25.5737,0.771
2026-09-26 00:00:00+00:00,2026-09-27 09:00:00+00:00,33,anomaly_ar1,normal,25.5122,0.791
2026-09-26 00:00:00+00:00,2026-09-27 12:00:00+00:00,36,anomaly_ar1,normal,25.3595,0.8086
2026-09-26 00:00:00+00:00,2026-09-27 15:00:00+00:00,39,anomaly_ar1,normal,25.263,0.8243
2026-09-26 00:00:00+00:00,2026-09-27 18:00:00+00:00,42,anomaly_ar1,normal,25.3141,0.8383
2026-09-26 00:00:00+00:00,2026-09-27 21:00:00+00:00,45,anomaly_ar1,normal,25.4674,0.8509
2026-09-26 00:00:00+00:00,2026-09-28 00:00:00+00:00,48,anomaly_ar1,normal,25.791,0.8621
2026-09-26 00:00:00+00:00,2026-09-28 03:00:00+00:00,51,anomaly_ar1,normal,25.9927,0.8721
2026-09-26 00:00:00+00:00,2026-09-28 06:00:00+00:00,54,anomaly_ar1,normal,25.9659,0.8811
2026-09-26 00:00:00+00:00,2026-09-28 09:00:00+00:00,57,anomaly_ar1,normal,25.8831,0.8893
2026-09-26 00:00:00+00:00,2026-09-28 12:00:00+00:00,60,anomaly_ar1,normal,25.712,0.8966
2026-09-26 00:00:00+00:00,2026-09-28 15:00:00+00:00,63,anomaly_ar1,normal,25.6002,0.9031
2026-09-26 00:00:00+00:00,2026-09-28 18:00:00+00:00,66,anomaly_ar1,normal,25.6327,0.9091
2026-09-26 00:00:00+00:00,2026-09-28 21:00:00+00:00,69,anomaly_ar1,normal,25.7779,0.9144
2026-09-26 00:00:00+00:00,2026-09-29 00:00:00+00:00,72,anomaly_ar1,normal,26.0769,0.9193
2026-09-26 00:00:00+00:00,2026-09-29 03:00:00+00:00,75,anomaly_ar1,normal,26.262,0.9236
2026-09-26 00:00:00+00:00,2026-09-29 06:00:00+00:00,78,anomaly_ar1,normal,26.2214,0.9276
2026-09-26 00:00:00+00:00,2026-09-29 09:00:00+00:00,81,anomaly_ar1,normal,26.1239,0.9311
2026-09-26 00:00:00+00:00,2026-09-29 12:00:00+00:00,84,anomaly_ar1,normal,25.9453,0.9344
2026-09-26 00:00:00+00:00,2026-09-29 15:00:00+00:00,87,anomaly_ar1,normal,25.8189,0.9373
2026-09-26 00:00:00+00:00,2026-09-29 18:00:00+00:00,90,anomaly_ar1,normal,25.8445,0.9399
2026-09-26 00:00:00+00:00,2026-09-29 21:00:00+00:00,93,anomaly_ar1,normal,25.9824,0.9423
2026-09-26 00:00:00+00:00,2026-09-30 00:00:00+00:00,96,anomaly_ar1,normal,26.2748,0.9445
2026-09-26 00:00:00+00:00,2026-09-30 03:00:00+00:00,99,anomaly_ar1,normal,26.4504,0.9464
2026-09-26 00:00:00+00:00,2026-09-30 06:00:00+00:00,102,anomaly_ar1,normal,26.3993,0.9482
2026-09-26 00:00:00+00:00,2026-09-30 09:00:00+00:00,105,anomaly_ar1,normal,26.2917,0.9498
2026-09-26 00:00:00+00:00,2026-09-30 12:00:00+00:00,108,anomaly_ar1,normal,26.1055,0.9513
2026-09-26 00:00:00+00:00,2026-09-30 15:00:00+00:00,111,anomaly_ar1,normal,25.9676,0.9526
2026-09-26 00:00:00+00:00,2026-09-30 18:00:00+00:00,114,anomaly_ar1,normal,25.9707,0.9538
2026-09-26 00:00:00+00:00,2026-09-30 21:00:00+00:00,117,anomaly_ar1,normal,26.1059,0.9549
2026-09-26 00:00:00+00:00,2026-10-01 00:00:00+00:00,120,anomaly_ar1,normal,26.3907,0.9559
2026-09-26 00:00:00+00:00,2026-10-01 03:00:00+00:00,123,anomaly_ar1,normal,26.5618,0.9568
2026-09-26 00:00:00+00:00,2026-10-01 06:00:00+00:00,126,anomaly_ar1,normal,26.5035,0.9576
2026-09-26 00:00:00+00:00,2026-10-01 09:00:00+00:00,129,anomaly_ar1,normal,26.3929,0.9583
2026-09-26 00:00:00+00:00,2026-10-01 12:00:00+00:00,132,anomaly_ar1,normal,26.2042,0.959
2026-09-26 00:00:00+00:00,2026-10-01 15:00:00+00:00,135,anomaly_ar1,normal,26.0599,0.9596
2026-09-26 00:00:00+00:00,2026-10-01 18:00:00+00:00,138,anomaly_ar1,normal,26.0492,0.9602
2026-09-26 00:00:00+00:00,2026-10-01 21:00:00+00:00,141,anomaly_ar1,normal,26.1807,0.9606
2026-09-26 00:00:00+00:00,2026-10-02 00:00:00+00:00,144,anomaly_ar1,normal,26.4633,0.9611
2026-09-26 00:00:00+00:00,2026-10-02 03:00:00+00:00,147,anomaly_ar1,normal,26.6352,0.9615
2026-09-26 00:00:00+00:00,2026-10-02 06:00:00+00:00,150,anomaly_ar1,normal,26.5757,0.9619
2026-09-26 00:00:00+00:00,2026-10-02 09:00:00+00:00,153,anomaly_ar1,normal,26.4606,0.9622
2026-09-26 00:00:00+00:00,2026-10-02 12:00:00+00:00,156,anomaly_ar1,normal,26.2667,0.9625
2026-09-26 00:00:00+00:00,2026-10-02 15:00:00+00:00,159,anomaly_ar1,normal,26.1169,0.9628
2026-09-26 00:00:00+00:00,2026-10-02 18:00:00+00:00,162,anomaly_ar1,normal,26.1095,0.9631
2026-09-26 00:00:00+00:00,2026-10-02 21:00:00+00:00,165,anomaly_ar1,normal,26.237,0.9633
2026-09-26 00:00:00+00:00,2026-10-03 00:00:00+00:00,168,anomaly_ar1,normal,26.5115,0.9635
2026-09-26 00:00:00+00:00,2026-09-26 03:00:00+00:00,3,anomaly_slow,normal,24.9409,0.3578
2026-09-26 00:00:00+00:00,2026-09-26 06:00:00+00:00,6,anomaly_slow,normal,24.9512,0.431
2026-09-26 00:00:00+00:00,2026-09-26 09:00:00+00:00,9,anomaly_slow,normal,24.9078,0.4798
2026-09-26 00:00:00+00:00,2026-09-26 12:00:00+00:00,12,anomaly_slow,normal,24.764,0.5184
2026-09-26 00:00:00+00:00,2026-09-26 15:00:00+00:00,15,anomaly_slow,normal,24.6797,0.5518
2026-09-26 00:00:00+00:00,2026-09-26 18:00:00+00:00,18,anomaly_slow,normal,24.7403,0.5782
2026-09-26 00:00:00+00:00,2026-09-26 21:00:00+00:00,21,anomaly_slow,normal,24.9026,0.5944
2026-09-26 00:00:00+00:00,2026-09-27 00:00:00+00:00,24,anomaly_slow,normal,25.2266,0.6177
2026-09-26 00:00:00+00:00,2026-09-27 03:00:00+00:00,27,anomaly_slow,normal,25.432,0.6473
2026-09-26 00:00:00+00:00,2026-09-27 06:00:00+00:00,30,anomaly_slow,normal,25.4091,0.6724
2026-09-26 00:00:00+00:00,2026-09-27 09:00:00+00:00,33,anomaly_slow,normal,25.331,0.6924
2026-09-26 00:00:00+00:00,2026-09-27 12:00:00+00:00,36,anomaly_slow,normal,25.1618,0.709
2026-09-26 00:00:00+00:00,2026-09-27 15:00:00+00:00,39,anomaly_slow,normal,25.0489,0.7223
2026-09-26 00:00:00+00:00,2026-09-27 18:00:00+00:00,42,anomaly_slow,normal,25.0837,0.7328
2026-09-26 00:00:00+00:00,2026-09-27 21:00:00+00:00,45,anomaly_slow,normal,25.221,0.7402
2026-09-26 00:00:00+00:00,2026-09-28 00:00:00+00:00,48,anomaly_slow,normal,25.5288,0.7514
2026-09-26 00:00:00+00:00,2026-09-28 03:00:00+00:00,51,anomaly_slow,normal,25.7149,0.7663
2026-09-26 00:00:00+00:00,2026-09-28 06:00:00+00:00,54,anomaly_slow,normal,25.6728,0.7779
2026-09-26 00:00:00+00:00,2026-09-28 09:00:00+00:00,57,anomaly_slow,normal,25.575,0.7872
2026-09-26 00:00:00+00:00,2026-09-28 12:00:00+00:00,60,anomaly_slow,normal,25.3892,0.7947
2026-09-26 00:00:00+00:00,2026-09-28 15:00:00+00:00,63,anomaly_slow,normal,25.263,0.8007
2026-09-26 00:00:00+00:00,2026-09-28 18:00:00+00:00,66,anomaly_slow,normal,25.2814,0.806
2026-09-26 00:00:00+00:00,2026-09-28 21:00:00+00:00,69,anomaly_slow,normal,25.4128,0.8106
2026-09-26 00:00:00+00:00,2026-09-29 00:00:00+00:00,72,anomaly_slow,normal,25.6984,0.817
2026-09-26 00:00:00+00:00,2026-09-29 03:00:00+00:00,75,anomaly_slow,normal,25.8703,0.8254
2026-09-26 00:00:00+00:00,2026-09-29 06:00:00+00:00,78,anomaly_slow,normal,25.8169,0.8318
2026-09-26 00:00:00+00:00,2026-09-29 09:00:00+00:00,81,anomaly_slow,normal,25.7071,0.8362
2026-09-26 00:00:00+00:00,2026-09-29 12:00:00+00:00,84,anomaly_slow,normal,25.5164,0.8397
2026-09-26 00:00:00+00:00,2026-09-29 15:00:00+00:00,87,anomaly_slow,normal,25.3782,0.8424
2026-09-26 00:00:00+00:00,2026-09-29 18:00:00+00:00,90,anomaly_slow,normal,25.3925,0.8455
2026-09-26 00:00:00+00:00,2026-09-29 21:00:00+00:00,93,anomaly_slow,normal,25.5193,0.8485
2026-09-26 00:00:00+00:00,2026-09-30 00:00:00+00:00,96,anomaly_slow,normal,25.801,0.853
2026-09-26 00:00:00+00:00,2026-09-30 03:00:00+00:00,99,anomaly_slow,normal,25.9661,0.8581
2026-09-26 00:00:00+00:00,2026-09-30 06:00:00+00:00,102,anomaly_slow,normal,25.905,0.8616
2026-09-26 00:00:00+00:00,2026-09-30 09:00:00+00:00,105,anomaly_slow,normal,25.7876,0.8642
2026-09-26 00:00:00+00:00,2026-09-30 12:00:00+00:00,108,anomaly_slow,normal,25.5919,0.8674
2026-09-26 00:00:00+00:00,2026-09-30 15:00:00+00:00,111,anomaly_slow,normal,25.4449,0.8696
2026-09-26 00:00:00+00:00,2026-09-30 18:00:00+00:00,114,anomaly_slow,normal,25.4392,0.8709
2026-09-26 00:00:00+00:00,2026-09-30 21:00:00+00:00,117,anomaly_slow,normal,25.5659,0.872
2026-09-26 00:00:00+00:00,2026-10-01 00:00:00+00:00,120,anomaly_slow,normal,25.8424,0.875
2026-09-26 00:00:00+00:00,2026-10-01 03:00:00+00:00,123,anomaly_slow,normal,26.0055,0.879
2026-09-26 00:00:00+00:00,2026-10-01 06:00:00+00:00,126,anomaly_slow,normal,25.9396,0.883
2026-09-26 00:00:00+00:00,2026-10-01 09:00:00+00:00,129,anomaly_slow,normal,25.8216,0.886
2026-09-26 00:00:00+00:00,2026-10-01 12:00:00+00:00,132,anomaly_slow,normal,25.6257,0.8885
2026-09-26 00:00:00+00:00,2026-10-01 15:00:00+00:00,135,anomaly_slow,normal,25.4745,0.8902
2026-09-26 00:00:00+00:00,2026-10-01 18:00:00+00:00,138,anomaly_slow,normal,25.4572,0.8908
2026-09-26 00:00:00+00:00,2026-10-01 21:00:00+00:00,141,anomaly_slow,normal,25.5823,0.8914
2026-09-26 00:00:00+00:00,2026-10-02 00:00:00+00:00,144,anomaly_slow,normal,25.8587,0.8933
2026-09-26 00:00:00+00:00,2026-10-02 03:00:00+00:00,147,anomaly_slow,normal,26.0247,0.8957
2026-09-26 00:00:00+00:00,2026-10-02 06:00:00+00:00,150,anomaly_slow,normal,25.9595,0.8986
2026-09-26 00:00:00+00:00,2026-10-02 09:00:00+00:00,153,anomaly_slow,normal,25.8389,0.9011
2026-09-26 00:00:00+00:00,2026-10-02 12:00:00+00:00,156,anomaly_slow,normal,25.6397,0.9033
2026-09-26 00:00:00+00:00,2026-10-02 15:00:00+00:00,159,anomaly_slow,normal,25.4849,0.904
2026-09-26 00:00:00+00:00,2026-10-02 18:00:00+00:00,162,anomaly_slow,normal,25.4725,0.904
2026-09-26 00:00:00+00:00,2026-10-02 21:00:00+00:00,165,anomaly_slow,normal,25.5954,0.9036
2026-09-26 00:00:00+00:00,2026-10-03 00:00:00+00:00,168,anomaly_slow,normal,25.8653,0.9043
2026-09-26 00:00:00+00:00,2026-09-26 03:00:00+00:00,3,climatology,normal,26.9322,0.9832
2026-09-26 00:00:00+00:00,2026-09-26 06:00:00+00:00,6,climatology,normal,26.8641,0.9739
2026-09-26 00:00:00+00:00,2026-09-26 09:00:00+00:00,9,climatology,normal,26.7473,1.0009
2026-09-26 00:00:00+00:00,2026-09-26 12:00:00+00:00,12,climatology,normal,26.5347,0.9933
2026-09-26 00:00:00+00:00,2026-09-26 15:00:00+00:00,15,climatology,normal,26.3859,0.9653
2026-09-26 00:00:00+00:00,2026-09-26 18:00:00+00:00,18,climatology,normal,26.3862,1.0004
2026-09-26 00:00:00+00:00,2026-09-26 21:00:00+00:00,21,climatology,normal,26.4919,0.9724
2026-09-26 00:00:00+00:00,2026-09-27 00:00:00+00:00,24,climatology,normal,26.7629,0.9323
2026-09-26 00:00:00+00:00,2026-09-27 03:00:00+00:00,27,climatology,normal,26.9186,0.9671
2026-09-26 00:00:00+00:00,2026-09-27 06:00:00+00:00,30,climatology,normal,26.8492,0.9585
2026-09-26 00:00:00+00:00,2026-09-27 09:00:00+00:00,33,climatology,normal,26.7275,0.988
2026-09-26 00:00:00+00:00,2026-09-27 12:00:00+00:00,36,climatology,normal,26.5175,0.9804
2026-09-26 00:00:00+00:00,2026-09-27 15:00:00+00:00,39,climatology,normal,26.3663,0.9527
2026-09-26 00:00:00+00:00,2026-09-27 18:00:00+00:00,42,climatology,normal,26.3653,0.9882
2026-09-26 00:00:00+00:00,2026-09-27 21:00:00+00:00,45,climatology,normal,26.469,0.9666
2026-09-26 00:00:00+00:00,2026-09-28 00:00:00+00:00,48,climatology,normal,26.7454,0.9253
2026-09-26 00:00:00+00:00,2026-09-28 03:00:00+00:00,51,climatology,normal,26.902,0.9596
2026-09-26 00:00:00+00:00,2026-09-28 06:00:00+00:00,54,climatology,normal,26.8323,0.9538
2026-09-26 00:00:00+00:00,2026-09-28 09:00:00+00:00,57,climatology,normal,26.7086,0.9815
2026-09-26 00:00:00+00:00,2026-09-28 12:00:00+00:00,60,climatology,normal,26.4986,0.9733
2026-09-26 00:00:00+00:00,2026-09-28 15:00:00+00:00,63,climatology,normal,26.3497,0.9464
2026-09-26 00:00:00+00:00,2026-09-28 18:00:00+00:00,66,climatology,normal,26.3468,0.9841
2026-09-26 00:00:00+00:00,2026-09-28 21:00:00+00:00,69,climatology,normal,26.4583,0.9651
2026-09-26 00:00:00+00:00,2026-09-29 00:00:00+00:00,72,climatology,normal,26.7252,0.9226
2026-09-26 00:00:00+00:00,2026-09-29 03:00:00+00:00,75,climatology,normal,26.8797,0.9547
2026-09-26 00:00:00+00:00,2026-09-29 06:00:00+00:00,78,climatology,normal,26.8099,0.9515
2026-09-26 00:00:00+00:00,2026-09-29 09:00:00+00:00,81,climatology,normal,26.6847,0.9769
2026-09-26 00:00:00+00:00,2026-09-29 12:00:00+00:00,84,climatology,normal,26.4796,0.9679
2026-09-26 00:00:00+00:00,2026-09-29 15:00:00+00:00,87,climatology,normal,26.328,0.9431
2026-09-26 00:00:00+00:00,2026-09-29 18:00:00+00:00,90,climatology,normal,26.3296,0.9751
2026-09-26 00:00:00+00:00,2026-09-29 21:00:00+00:00,93,climatology,normal,26.4446,0.9563
2026-09-26 00:00:00+00:00,2026-09-30 00:00:00+00:00,96,climatology,normal,26.7152,0.917
2026-09-26 00:00:00+00:00,2026-09-30 03:00:00+00:00,99,climatology,normal,26.87,0.9473
2026-09-26 00:00:00+00:00,2026-09-30 06:00:00+00:00,102,climatology,normal,26.7991,0.9473
2026-09-26 00:00:00+00:00,2026-09-30 09:00:00+00:00,105,climatology,normal,26.6726,0.97
2026-09-26 00:00:00+00:00,2026-09-30 12:00:00+00:00,108,climatology,normal,26.4684,0.9586
2026-09-26 00:00:00+00:00,2026-09-30 15:00:00+00:00,111,climatology,normal,26.3134,0.9356
2026-09-26 00:00:00+00:00,2026-09-30 18:00:00+00:00,114,climatology,normal,26.3002,0.9808
2026-09-26 00:00:00+00:00,2026-09-30 21:00:00+00:00,117,climatology,normal,26.4199,0.9591
2026-09-26 00:00:00+00:00,2026-10-01 00:00:00+00:00,120,climatology,normal,26.6898,0.9262
2026-09-26 00:00:00+00:00,2026-10-01 03:00:00+00:00,123,climatology,normal,26.8468,0.9534
2026-09-26 00:00:00+00:00,2026-10-01 06:00:00+00:00,126,climatology,normal,26.7751,0.9414
2026-09-26 00:00:00+00:00,2026-10-01 09:00:00+00:00,129,climatology,normal,26.6517,0.9714
2026-09-26 00:00:00+00:00,2026-10-01 12:00:00+00:00,132,climatology,normal,26.4507,0.9566
2026-09-26 00:00:00+00:00,2026-10-01 15:00:00+00:00,135,climatology,normal,26.2948,0.9379
2026-09-26 00:00:00+00:00,2026-10-01 18:00:00+00:00,138,climatology,normal,26.273,0.9823
2026-09-26 00:00:00+00:00,2026-10-01 21:00:00+00:00,141,climatology,normal,26.394,0.9616
2026-09-26 00:00:00+00:00,2026-10-02 00:00:00+00:00,144,climatology,normal,26.6665,0.9293
2026-09-26 00:00:00+00:00,2026-10-02 03:00:00+00:00,147,climatology,normal,26.8288,0.9479
2026-09-26 00:00:00+00:00,2026-10-02 06:00:00+00:00,150,climatology,normal,26.7602,0.943
2026-09-26 00:00:00+00:00,2026-10-02 09:00:00+00:00,153,climatology,normal,26.6364,0.9784
2026-09-26 00:00:00+00:00,2026-10-02 12:00:00+00:00,156,climatology,normal,26.4342,0.9701
2026-09-26 00:00:00+00:00,2026-10-02 15:00:00+00:00,159,climatology,normal,26.2765,0.9368
2026-09-26 00:00:00+00:00,2026-10-02 18:00:00+00:00,162,climatology,normal,26.2615,0.9809
2026-09-26 00:00:00+00:00,2026-10-02 21:00:00+00:00,165,climatology,normal,26.3819,0.9672
2026-09-26 00:00:00+00:00,2026-10-03 00:00:00+00:00,168,climatology,normal,26.6495,0.9304
2026-09-26 00:00:00+00:00,2026-09-26 03:00:00+00:00,3,persistence,normal,24.5233,0.4288
2026-09-26 00:00:00+00:00,2026-09-26 06:00:00+00:00,6,persistence,normal,24.5233,0.5511
2026-09-26 00:00:00+00:00,2026-09-26 09:00:00+00:00,9,persistence,normal,24.5233,0.6251
2026-09-26 00:00:00+00:00,2026-09-26 12:00:00+00:00,12,persistence,normal,24.5233,0.6594
2026-09-26 00:00:00+00:00,2026-09-26 15:00:00+00:00,15,persistence,normal,24.5233,0.6627
2026-09-26 00:00:00+00:00,2026-09-26 18:00:00+00:00,18,persistence,normal,24.5233,0.6459
2026-09-26 00:00:00+00:00,2026-09-26 21:00:00+00:00,21,persistence,normal,24.5233,0.6261
2026-09-26 00:00:00+00:00,2026-09-27 00:00:00+00:00,24,persistence,normal,24.5233,0.651
2026-09-26 00:00:00+00:00,2026-09-27 03:00:00+00:00,27,persistence,normal,24.5233,0.719
2026-09-26 00:00:00+00:00,2026-09-27 06:00:00+00:00,30,persistence,normal,24.5233,0.786
2026-09-26 00:00:00+00:00,2026-09-27 09:00:00+00:00,33,persistence,normal,24.5233,0.8317
2026-09-26 00:00:00+00:00,2026-09-27 12:00:00+00:00,36,persistence,normal,24.5233,0.8495
2026-09-26 00:00:00+00:00,2026-09-27 15:00:00+00:00,39,persistence,normal,24.5233,0.8419
2026-09-26 00:00:00+00:00,2026-09-27 18:00:00+00:00,42,persistence,normal,24.5233,0.8182
2026-09-26 00:00:00+00:00,2026-09-27 21:00:00+00:00,45,persistence,normal,24.5233,0.7947
2026-09-26 00:00:00+00:00,2026-09-28 00:00:00+00:00,48,persistence,normal,24.5233,0.8066
2026-09-26 00:00:00+00:00,2026-09-28 03:00:00+00:00,51,persistence,normal,24.5233,0.854
2026-09-26 00:00:00+00:00,2026-09-28 06:00:00+00:00,54,persistence,normal,24.5233,0.9013
2026-09-26 00:00:00+00:00,2026-09-28 09:00:00+00:00,57,persistence,normal,24.5233,0.9344
2026-09-26 00:00:00+00:00,2026-09-28 12:00:00+00:00,60,persistence,normal,24.5233,0.9427
2026-09-26 00:00:00+00:00,2026-09-28 15:00:00+00:00,63,persistence,normal,24.5233,0.9298
2026-09-26 00:00:00+00:00,2026-09-28 18:00:00+00:00,66,persistence,normal,24.5233,0.9041
2026-09-26 00:00:00+00:00,2026-09-28 21:00:00+00:00,69,persistence,normal,24.5233,0.884
2026-09-26 00:00:00+00:00,2026-09-29 00:00:00+00:00,72,persistence,normal,24.5233,0.8922
2026-09-26 00:00:00+00:00,2026-09-29 03:00:00+00:00,75,persistence,normal,24.5233,0.9306
2026-09-26 00:00:00+00:00,2026-09-29 06:00:00+00:00,78,persistence,normal,24.5233,0.972
2026-09-26 00:00:00+00:00,2026-09-29 09:00:00+00:00,81,persistence,normal,24.5233,0.9983
2026-09-26 00:00:00+00:00,2026-09-29 12:00:00+00:00,84,persistence,normal,24.5233,1.0035
2026-09-26 00:00:00+00:00,2026-09-29 15:00:00+00:00,87,persistence,normal,24.5233,0.9883
2026-09-26 00:00:00+00:00,2026-09-29 18:00:00+00:00,90,persistence,normal,24.5233,0.9618
2026-09-26 00:00:00+00:00,2026-09-29 21:00:00+00:00,93,persistence,normal,24.5233,0.9408
2026-09-26 00:00:00+00:00,2026-09-30 00:00:00+00:00,96,persistence,normal,24.5233,0.9467
2026-09-26 00:00:00+00:00,2026-09-30 03:00:00+00:00,99,persistence,normal,24.5233,0.9795
2026-09-26 00:00:00+00:00,2026-09-30 06:00:00+00:00,102,persistence,normal,24.5233,1.0164
2026-09-26 00:00:00+00:00,2026-09-30 09:00:00+00:00,105,persistence,normal,24.5233,1.0413
2026-09-26 00:00:00+00:00,2026-09-30 12:00:00+00:00,108,persistence,normal,24.5233,1.0457
2026-09-26 00:00:00+00:00,2026-09-30 15:00:00+00:00,111,persistence,normal,24.5233,1.0302
2026-09-26 00:00:00+00:00,2026-09-30 18:00:00+00:00,114,persistence,normal,24.5233,1.0043
2026-09-26 00:00:00+00:00,2026-09-30 21:00:00+00:00,117,persistence,normal,24.5233,0.9828
2026-09-26 00:00:00+00:00,2026-10-01 00:00:00+00:00,120,persistence,normal,24.5233,0.9865
2026-09-26 00:00:00+00:00,2026-10-01 03:00:00+00:00,123,persistence,normal,24.5233,1.0145
2026-09-26 00:00:00+00:00,2026-10-01 06:00:00+00:00,126,persistence,normal,24.5233,1.0486
2026-09-26 00:00:00+00:00,2026-10-01 09:00:00+00:00,129,persistence,normal,24.5233,1.0712
2026-09-26 00:00:00+00:00,2026-10-01 12:00:00+00:00,132,persistence,normal,24.5233,1.0748
2026-09-26 00:00:00+00:00,2026-10-01 15:00:00+00:00,135,persistence,normal,24.5233,1.0595
2026-09-26 00:00:00+00:00,2026-10-01 18:00:00+00:00,138,persistence,normal,24.5233,1.0344
2026-09-26 00:00:00+00:00,2026-10-01 21:00:00+00:00,141,persistence,normal,24.5233,1.015
2026-09-26 00:00:00+00:00,2026-10-02 00:00:00+00:00,144,persistence,normal,24.5233,1.0184
2026-09-26 00:00:00+00:00,2026-10-02 03:00:00+00:00,147,persistence,normal,24.5233,1.0442
2026-09-26 00:00:00+00:00,2026-10-02 06:00:00+00:00,150,persistence,normal,24.5233,1.0766
2026-09-26 00:00:00+00:00,2026-10-02 09:00:00+00:00,153,persistence,normal,24.5233,1.0988
2026-09-26 00:00:00+00:00,2026-10-02 12:00:00+00:00,156,persistence,normal,24.5233,1.1016
2026-09-26 00:00:00+00:00,2026-10-02 15:00:00+00:00,159,persistence,normal,24.5233,1.0861
2026-09-26 00:00:00+00:00,2026-10-02 18:00:00+00:00,162,persistence,normal,24.5233,1.0623
2026-09-26 00:00:00+00:00,2026-10-02 21:00:00+00:00,165,persistence,normal,24.5233,1.0428
2026-09-26 00:00:00+00:00,2026-10-03 00:00:00+00:00,168,persistence,normal,24.5233,1.0454
2026-09-27 00:00:00+00:00,2026-09-27 03:00:00+00:00,3,anomaly_ar1,normal,23.0481,0.3548
2026-09-27 00:00:00+00:00,2026-09-27 06:00:00+00:00,6,anomaly_ar1,normal,23.1614,0.4474
2026-09-27 00:00:00+00:00,2026-09-27 09:00:00+00:00,9,anomaly_ar1,normal,23.2137,0.5173
2026-09-27 00:00:00+00:00,2026-09-27 12:00:00+00:00,12,anomaly_ar1,normal,23.1695,0.5735
2026-09-27 00:00:00+00:00,2026-09-27 15:00:00+00:00,15,anomaly_ar1,normal,23.1763,0.6201
2026-09-27 00:00:00+00:00,2026-09-27 18:00:00+00:00,18,anomaly_ar1,normal,23.3258,0.6595
2026-09-27 00:00:00+00:00,2026-09-27 21:00:00+00:00,21,anomaly_ar1,normal,23.573,0.6934
2026-09-27 00:00:00+00:00,2026-09-28 00:00:00+00:00,24,anomaly_ar1,normal,23.986,0.7228
2026-09-27 00:00:00+00:00,2026-09-28 03:00:00+00:00,27,anomaly_ar1,normal,24.2728,0.7485
2026-09-27 00:00:00+00:00,2026-09-28 06:00:00+00:00,30,anomaly_ar1,normal,24.3272,0.771
2026-09-27 00:00:00+00:00,2026-09-28 09:00:00+00:00,33,anomaly_ar1,normal,24.3217,0.791
2026-09-27 00:00:00+00:00,2026-09-28 12:00:00+00:00,36,anomaly_ar1,normal,24.2244,0.8086
2026-09-27 00:00:00+00:00,2026-09-28 15:00:00+00:00,39,anomaly_ar1,normal,24.1828,0.8243
2026-09-27 00:00:00+00:00,2026-09-28 18:00:00+00:00,42,anomaly_ar1,normal,24.2821,0.8383
2026-09-27 00:00:00+00:00,2026-09-28 21:00:00+00:00,45,anomaly_ar1,normal,24.4911,0.8509
2026-09-27 00:00:00+00:00,2026-09-29 00:00:00+00:00,48,anomaly_ar1,normal,24.8508,0.8621
2026-09-27 00:00:00+00:00,2026-09-29 03:00:00+00:00,51,anomaly_ar1,normal,25.0938,0.8721
2026-09-27 00:00:00+00:00,2026-09-29 06:00:00+00:00,54,anomaly_ar1,normal,25.1082,0.8811
2026-09-27 00:00:00+00:00,2026-09-29 09:00:00+00:00,57,anomaly_ar1,normal,25.0633,0.8893
2026-09-27 00:00:00+00:00,2026-09-29 12:00:00+00:00,60,anomaly_ar1,normal,24.9348,0.8966
2026-09-27 00:00:00+00:00,2026-09-29 15:00:00+00:00,63,anomaly_ar1,normal,24.8561,0.9031
2026-09-27 00:00:00+00:00,2026-09-29 18:00:00+00:00,66,anomaly_ar1,normal,24.9271,0.9091
2026-09-27 00:00:00+00:00,2026-09-29 21:00:00+00:00,69,anomaly_ar1,normal,25.1083,0.9144
2026-09-27 00:00:00+00:00,2026-09-30 00:00:00+00:00,72,anomaly_ar1,normal,25.442,0.9193
2026-09-27 00:00:00+00:00,2026-09-30 03:00:00+00:00,75,anomaly_ar1,normal,25.6568,0.9236
2026-09-27 00:00:00+00:00,2026-09-30 06:00:00+00:00,78,anomaly_ar1,normal,25.6432,0.9276
2026-09-27 00:00:00+00:00,2026-09-30 09:00:00+00:00,81,anomaly_ar1,normal,25.5712,0.9311
2026-09-27 00:00:00+00:00,2026-09-30 12:00:00+00:00,84,anomaly_ar1,normal,25.419,0.9344
2026-09-27 00:00:00+00:00,2026-09-30 15:00:00+00:00,87,anomaly_ar1,normal,25.3135,0.9373
2026-09-27 00:00:00+00:00,2026-09-30 18:00:00+00:00,90,anomaly_ar1,normal,25.3475,0.9399
2026-09-27 00:00:00+00:00,2026-09-30 21:00:00+00:00,93,anomaly_ar1,normal,25.5122,0.9423
2026-09-27 00:00:00+00:00,2026-10-01 00:00:00+00:00,96,anomaly_ar1,normal,25.8249,0.9445
2026-09-27 00:00:00+00:00,2026-10-01 03:00:00+00:00,99,anomaly_ar1,normal,26.0227,0.9464
2026-09-27 00:00:00+00:00,2026-10-01 06:00:00+00:00,102,anomaly_ar1,normal,25.9899,0.9482
2026-09-27 00:00:00+00:00,2026-10-01 09:00:00+00:00,105,anomaly_ar1,normal,25.9036,0.9498
2026-09-27 00:00:00+00:00,2026-10-01 12:00:00+00:00,108,anomaly_ar1,normal,25.7379,0.9513
2026-09-27 00:00:00+00:00,2026-10-01 15:00:00+00:00,111,anomaly_ar1,normal,25.6156,0.9526
2026-09-27 00:00:00+00:00,2026-10-01 18:00:00+00:00,114,anomaly_ar1,normal,25.6259,0.9538
2026-09-27 00:00:00+00:00,2026-10-01 21:00:00+00:00,117,anomaly_ar1,normal,25.7774,0.9549
2026-09-27 00:00:00+00:00,2026-10-02 00:00:00+00:00,120,anomaly_ar1,normal,26.079,0.9559
2026-09-27 00:00:00+00:00,2026-10-02 03:00:00+00:00,123,anomaly_ar1,normal,26.269,0.9568
2026-09-27 00:00:00+00:00,2026-10-02 06:00:00+00:00,126,anomaly_ar1,normal,26.2268,0.9576
2026-09-27 00:00:00+00:00,2026-10-02 09:00:00+00:00,129,anomaly_ar1,normal,26.1282,0.9583
2026-09-27 00:00:00+00:00,2026-10-02 12:00:00+00:00,132,anomaly_ar1,normal,25.95,0.959
2026-09-27 00:00:00+00:00,2026-10-02 15:00:00+00:00,135,anomaly_ar1,normal,25.8151,0.9596
2026-09-27 00:00:00+00:00,2026-10-02 18:00:00+00:00,138,anomaly_ar1,normal,25.8219,0.9602
2026-09-27 00:00:00+00:00,2026-10-02 21:00:00+00:00,141,anomaly_ar1,normal,25.9631,0.9606
2026-09-27 00:00:00+00:00,2026-10-03 00:00:00+00:00,144,anomaly_ar1,normal,26.2504,0.9611
2026-09-27 00:00:00+00:00,2026-10-03 03:00:00+00:00,147,anomaly_ar1,normal,26.4253,0.9615
2026-09-27 00:00:00+00:00,2026-10-03 06:00:00+00:00,150,anomaly_ar1,normal,26.3769,0.9619
2026-09-27 00:00:00+00:00,2026-10-03 09:00:00+00:00,153,anomaly_ar1,normal,26.2786,0.9622
2026-09-27 00:00:00+00:00,2026-10-03 12:00:00+00:00,156,anomaly_ar1,normal,26.0858,0.9625
2026-09-27 00:00:00+00:00,2026-10-03 15:00:00+00:00,159,anomaly_ar1,normal,25.9437,0.9628
2026-09-27 00:00:00+00:00,2026-10-03 18:00:00+00:00,162,anomaly_ar1,normal,25.9483,0.9631
2026-09-27 00:00:00+00:00,2026-10-03 21:00:00+00:00,165,anomaly_ar1,normal,26.0796,0.9633
2026-09-27 00:00:00+00:00,2026-10-04 00:00:00+00:00,168,anomaly_ar1,normal,26.3583,0.9635
2026-09-27 00:00:00+00:00,2026-09-27 03:00:00+00:00,3,anomaly_slow,normal,23.0608,0.3578
2026-09-27 00:00:00+00:00,2026-09-27 06:00:00+00:00,6,anomaly_slow,normal,23.1779,0.431
2026-09-27 00:00:00+00:00,2026-09-27 09:00:00+00:00,9,anomaly_slow,normal,23.231,0.4798
2026-09-27 00:00:00+00:00,2026-09-27 12:00:00+00:00,12,anomaly_slow,normal,23.1848,0.5184
2026-09-27 00:00:00+00:00,2026-09-27 15:00:00+00:00,15,anomaly_slow,normal,23.187,0.5518
2026-09-27 00:00:00+00:00,2026-09-27 18:00:00+00:00,18,anomaly_slow,normal,23.3298,0.5782
2026-09-27 00:00:00+00:00,2026-09-27 21:00:00+00:00,21,anomaly_slow,normal,23.5681,0.5944
2026-09-27 00:00:00+00:00,2026-09-28 00:00:00+00:00,24,anomaly_slow,normal,23.9707,0.6177
2026-09-27 00:00:00+00:00,2026-09-28 03:00:00+00:00,27,anomaly_slow,normal,24.2455,0.6473
2026-09-27 00:00:00+00:00,2026-09-28 06:00:00+00:00,30,anomaly_slow,normal,24.2865,0.6724
2026-09-27 00:00:00+00:00,2026-09-28 09:00:00+00:00,33,anomaly_slow,normal,24.2666,0.6924
2026-09-27 00:00:00+00:00,2026-09-28 12:00:00+00:00,36,anomaly_slow,normal,24.1538,0.709
2026-09-27 00:00:00+00:00,2026-09-28 15:00:00+00:00,39,anomaly_slow,normal,24.0959,0.7223
2026-09-27 00:00:00+00:00,2026-09-28 18:00:00+00:00,42,anomaly_slow,normal,24.1783,0.7328
2026-09-27 00:00:00+00:00,2026-09-28 21:00:00+00:00,45,anomaly_slow,normal,24.3698,0.7402
2026-09-27 00:00:00+00:00,2026-09-29 00:00:00+00:00,48,anomaly_slow,normal,24.7115,0.7514
2026-09-27 00:00:00+00:00,2026-09-29 03:00:00+00:00,51,anomaly_slow,normal,24.9362,0.7663
2026-09-27 00:00:00+00:00,2026-09-29 06:00:00+00:00,54,anomaly_slow,normal,24.9321,0.7779
2026-09-27 00:00:00+00:00,2026-09-29 09:00:00+00:00,57,anomaly_slow,normal,24.8685,0.7872
2026-09-27 00:00:00+00:00,2026-09-29 12:00:00+00:00,60,anomaly_slow,normal,24.721,0.7947
2026-09-27 00:00:00+00:00,2026-09-29 15:00:00+00:00,63,anomaly_slow,normal,24.6235,0.8007
2026-09-27 00:00:00+00:00,2026-09-29 18:00:00+00:00,66,anomaly_slow,normal,24.6757,0.806
2026-09-27 00:00:00+00:00,2026-09-29 21:00:00+00:00,69,anomaly_slow,normal,24.8381,0.8106
2026-09-27 00:00:00+00:00,2026-09-30 00:00:00+00:00,72,anomaly_slow,normal,25.1532,0.817
2026-09-27 00:00:00+00:00,2026-09-30 03:00:00+00:00,75,anomaly_slow,normal,25.3496,0.8254
2026-09-27 00:00:00+00:00,2026-09-30 06:00:00+00:00,78,anomaly_slow,normal,25.3177,0.8318
2026-09-27 00:00:00+00:00,2026-09-30 09:00:00+00:00,81,anomaly_slow,normal,25.2277,0.8362
2026-09-27 00:00:00+00:00,2026-09-30 12:00:00+00:00,84,anomaly_slow,normal,25.0578,0.8397
2026-09-27 00:00:00+00:00,2026-09-30 15:00:00+00:00,87,anomaly_slow,normal,24.9348,0.8424
2026-09-27 00:00:00+00:00,2026-09-30 18:00:00+00:00,90,anomaly_slow,normal,24.9517,0.8455
2026-09-27 00:00:00+00:00,2026-09-30 21:00:00+00:00,93,anomaly_slow,normal,25.0995,0.8485
2026-09-27 00:00:00+00:00,2026-10-01 00:00:00+00:00,96,anomaly_slow,normal,25.3958,0.853
2026-09-27 00:00:00+00:00,2026-10-01 03:00:00+00:00,99,anomaly_slow,normal,25.5775,0.8581
2026-09-27 00:00:00+00:00,2026-10-01 06:00:00+00:00,102,anomaly_slow,normal,25.5289,0.8616
2026-09-27 00:00:00+00:00,2026-10-01 09:00:00+00:00,105,anomaly_slow,normal,25.4272,0.8642
2026-09-27 00:00:00+00:00,2026-10-01 12:00:00+00:00,108,anomaly_slow,normal,25.2465,0.8674
2026-09-27 00:00:00+00:00,2026-10-01 15:00:00+00:00,111,anomaly_slow,normal,25.1097,0.8696
2026-09-27 00:00:00+00:00,2026-10-01 18:00:00+00:00,114,anomaly_slow,normal,25.1057,0.8709
2026-09-27 00:00:00+00:00,2026-10-01 21:00:00+00:00,117,anomaly_slow,normal,25.2434,0.872
2026-09-27 00:00:00+00:00,2026-10-02 00:00:00+00:00,120,anomaly_slow,normal,25.5316,0.875
2026-09-27 00:00:00+00:00,2026-10-02 03:00:00+00:00,123,anomaly_slow,normal,25.7085,0.879
2026-09-27 00:00:00+00:00,2026-10-02 06:00:00+00:00,126,anomaly_slow,normal,25.6537,0.883
2026-09-27 00:00:00+00:00,2026-10-02 09:00:00+00:00,129,anomaly_slow,normal,25.5427,0.886
2026-09-27 00:00:00+00:00,2026-10-02 12:00:00+00:00,132,anomaly_slow,normal,25.3526,0.8885
2026-09-27 00:00:00+00:00,2026-10-02 15:00:00+00:00,135,anomaly_slow,normal,25.2062,0.8902
2026-09-27 00:00:00+00:00,2026-10-02 18:00:00+00:00,138,anomaly_slow,normal,25.2018,0.8908
2026-09-27 00:00:00+00:00,2026-10-02 21:00:00+00:00,141,anomaly_slow,normal,25.3321,0.8914
2026-09-27 00:00:00+00:00,2026-10-03 00:00:00+00:00,144,anomaly_slow,normal,25.609,0.8933
2026-09-27 00:00:00+00:00,2026-10-03 03:00:00+00:00,147,anomaly_slow,normal,25.7737,0.8957
2026-09-27 00:00:00+00:00,2026-10-03 06:00:00+00:00,150,anomaly_slow,normal,25.7155,0.8986
2026-09-27 00:00:00+00:00,2026-10-03 09:00:00+00:00,153,anomaly_slow,normal,25.6078,0.9011
2026-09-27 00:00:00+00:00,2026-10-03 12:00:00+00:00,156,anomaly_slow,normal,25.4058,0.9033
2026-09-27 00:00:00+00:00,2026-10-03 15:00:00+00:00,159,anomaly_slow,normal,25.2549,0.904
2026-09-27 00:00:00+00:00,2026-10-03 18:00:00+00:00,162,anomaly_slow,normal,25.251,0.904
2026-09-27 00:00:00+00:00,2026-10-03 21:00:00+00:00,165,anomaly_slow,normal,25.3741,0.9036
2026-09-27 00:00:00+00:00,2026-10-04 00:00:00+00:00,168,anomaly_slow,normal,25.6449,0.9043
2026-09-27 00:00:00+00:00,2026-09-27 03:00:00+00:00,3,climatology,normal,26.9186,0.9671
2026-09-27 00:00:00+00:00,2026-09-27 06:00:00+00:00,6,climatology,normal,26.8492,0.9585
2026-09-27 00:00:00+00:00,2026-09-27 09:00:00+00:00,9,climatology,normal,26.7275,0.988
2026-09-27 00:00:00+00:00,2026-09-27 12:00:00+00:00,12,climatology,normal,26.5175,0.9804
2026-09-27 00:00:00+00:00,2026-09-27 15:00:00+00:00,15,climatology,normal,26.3663,0.9527
2026-09-27 00:00:00+00:00,2026-09-27 18:00:00+00:00,18,climatology,normal,26.3653,0.9882
2026-09-27 00:00:00+00:00,2026-09-27 21:00:00+00:00,21,climatology,normal,26.469,0.9666
2026-09-27 00:00:00+00:00,2026-09-28 00:00:00+00:00,24,climatology,normal,26.7454,0.9253
2026-09-27 00:00:00+00:00,2026-09-28 03:00:00+00:00,27,climatology,normal,26.902,0.9596
2026-09-27 00:00:00+00:00,2026-09-28 06:00:00+00:00,30,climatology,normal,26.8323,0.9538
2026-09-27 00:00:00+00:00,2026-09-28 09:00:00+00:00,33,climatology,normal,26.7086,0.9815
2026-09-27 00:00:00+00:00,2026-09-28 12:00:00+00:00,36,climatology,normal,26.4986,0.9733
2026-09-27 00:00:00+00:00,2026-09-28 15:00:00+00:00,39,climatology,normal,26.3497,0.9464
2026-09-27 00:00:00+00:00,2026-09-28 18:00:00+00:00,42,climatology,normal,26.3468,0.9841
2026-09-27 00:00:00+00:00,2026-09-28 21:00:00+00:00,45,climatology,normal,26.4583,0.9651
2026-09-27 00:00:00+00:00,2026-09-29 00:00:00+00:00,48,climatology,normal,26.7252,0.9226
2026-09-27 00:00:00+00:00,2026-09-29 03:00:00+00:00,51,climatology,normal,26.8797,0.9547
2026-09-27 00:00:00+00:00,2026-09-29 06:00:00+00:00,54,climatology,normal,26.8099,0.9515
2026-09-27 00:00:00+00:00,2026-09-29 09:00:00+00:00,57,climatology,normal,26.6847,0.9769
2026-09-27 00:00:00+00:00,2026-09-29 12:00:00+00:00,60,climatology,normal,26.4796,0.9679
2026-09-27 00:00:00+00:00,2026-09-29 15:00:00+00:00,63,climatology,normal,26.328,0.9431
2026-09-27 00:00:00+00:00,2026-09-29 18:00:00+00:00,66,climatology,normal,26.3296,0.9751
2026-09-27 00:00:00+00:00,2026-09-29 21:00:00+00:00,69,climatology,normal,26.4446,0.9563
2026-09-27 00:00:00+00:00,2026-09-30 00:00:00+00:00,72,climatology,normal,26.7152,0.917
2026-09-27 00:00:00+00:00,2026-09-30 03:00:00+00:00,75,climatology,normal,26.87,0.9473
2026-09-27 00:00:00+00:00,2026-09-30 06:00:00+00:00,78,climatology,normal,26.7991,0.9473
2026-09-27 00:00:00+00:00,2026-09-30 09:00:00+00:00,81,climatology,normal,26.6726,0.97
2026-09-27 00:00:00+00:00,2026-09-30 12:00:00+00:00,84,climatology,normal,26.4684,0.9586
2026-09-27 00:00:00+00:00,2026-09-30 15:00:00+00:00,87,climatology,normal,26.3134,0.9356
2026-09-27 00:00:00+00:00,2026-09-30 18:00:00+00:00,90,climatology,normal,26.3002,0.9808
2026-09-27 00:00:00+00:00,2026-09-30 21:00:00+00:00,93,climatology,normal,26.4199,0.9591
2026-09-27 00:00:00+00:00,2026-10-01 00:00:00+00:00,96,climatology,normal,26.6898,0.9262
2026-09-27 00:00:00+00:00,2026-10-01 03:00:00+00:00,99,climatology,normal,26.8468,0.9534
2026-09-27 00:00:00+00:00,2026-10-01 06:00:00+00:00,102,climatology,normal,26.7751,0.9414
2026-09-27 00:00:00+00:00,2026-10-01 09:00:00+00:00,105,climatology,normal,26.6517,0.9714
2026-09-27 00:00:00+00:00,2026-10-01 12:00:00+00:00,108,climatology,normal,26.4507,0.9566
2026-09-27 00:00:00+00:00,2026-10-01 15:00:00+00:00,111,climatology,normal,26.2948,0.9379
2026-09-27 00:00:00+00:00,2026-10-01 18:00:00+00:00,114,climatology,normal,26.273,0.9823
2026-09-27 00:00:00+00:00,2026-10-01 21:00:00+00:00,117,climatology,normal,26.394,0.9616
2026-09-27 00:00:00+00:00,2026-10-02 00:00:00+00:00,120,climatology,normal,26.6665,0.9293
2026-09-27 00:00:00+00:00,2026-10-02 03:00:00+00:00,123,climatology,normal,26.8288,0.9479
2026-09-27 00:00:00+00:00,2026-10-02 06:00:00+00:00,126,climatology,normal,26.7602,0.943
2026-09-27 00:00:00+00:00,2026-10-02 09:00:00+00:00,129,climatology,normal,26.6364,0.9784
2026-09-27 00:00:00+00:00,2026-10-02 12:00:00+00:00,132,climatology,normal,26.4342,0.9701
2026-09-27 00:00:00+00:00,2026-10-02 15:00:00+00:00,135,climatology,normal,26.2765,0.9368
2026-09-27 00:00:00+00:00,2026-10-02 18:00:00+00:00,138,climatology,normal,26.2615,0.9809
2026-09-27 00:00:00+00:00,2026-10-02 21:00:00+00:00,141,climatology,normal,26.3819,0.9672
2026-09-27 00:00:00+00:00,2026-10-03 00:00:00+00:00,144,climatology,normal,26.6495,0.9304
2026-09-27 00:00:00+00:00,2026-10-03 03:00:00+00:00,147,climatology,normal,26.8055,0.9509
2026-09-27 00:00:00+00:00,2026-10-03 06:00:00+00:00,150,climatology,normal,26.7392,0.947
2026-09-27 00:00:00+00:00,2026-10-03 09:00:00+00:00,153,climatology,normal,26.6238,0.9744
2026-09-27 00:00:00+00:00,2026-10-03 12:00:00+00:00,156,climatology,normal,26.4147,0.9726
2026-09-27 00:00:00+00:00,2026-10-03 15:00:00+00:00,159,climatology,normal,26.2571,0.9306
2026-09-27 00:00:00+00:00,2026-10-03 18:00:00+00:00,162,climatology,normal,26.2469,0.9636
2026-09-27 00:00:00+00:00,2026-10-03 21:00:00+00:00,165,climatology,normal,26.3641,0.9551
2026-09-27 00:00:00+00:00,2026-10-04 00:00:00+00:00,168,climatology,normal,26.6294,0.9402
2026-09-27 00:00:00+00:00,2026-09-27 03:00:00+00:00,3,persistence,normal,22.4658,0.4288
2026-09-27 00:00:00+00:00,2026-09-27 06:00:00+00:00,6,persistence,normal,22.4658,0.5511
2026-09-27 00:00:00+00:00,2026-09-27 09:00:00+00:00,9,persistence,normal,22.4658,0.6251
2026-09-27 00:00:00+00:00,2026-09-27 12:00:00+00:00,12,persistence,normal,22.4658,0.6594
2026-09-27 00:00:00+00:00,2026-09-27 15:00:00+00:00,15,persistence,normal,22.4658,0.6627
2026-09-27 00:00:00+00:00,2026-09-27 18:00:00+00:00,18,persistence,normal,22.4658,0.6459
2026-09-27 00:00:00+00:00,2026-09-27 21:00:00+00:00,21,persistence,normal,22.4658,0.6261
2026-09-27 00:00:00+00:00,2026-09-28 00:00:00+00:00,24,persistence,normal,22.4658,0.651
2026-09-27 00:00:00+00:00,2026-09-28 03:00:00+00:00,27,persistence,normal,22.4658,0.719
2026-09-27 00:00:00+00:00,2026-09-28 06:00:00+00:00,30,persistence,normal,22.4658,0.786
2026-09-27 00:00:00+00:00,2026-09-28 09:00:00+00:00,33,persistence,normal,22.4658,0.8317
2026-09-27 00:00:00+00:00,2026-09-28 12:00:00+00:00,36,persistence,normal,22.4658,0.8495
2026-09-27 00:00:00+00:00,2026-09-28 15:00:00+00:00,39,persistence,normal,22.4658,0.8419
2026-09-27 00:00:00+00:00,2026-09-28 18:00:00+00:00,42,persistence,normal,22.4658,0.8182
2026-09-27 00:00:00+00:00,2026-09-28 21:00:00+00:00,45,persistence,normal,22.4658,0.7947
2026-09-27 00:00:00+00:00,2026-09-29 00:00:00+00:00,48,persistence,normal,22.4658,0.8066
2026-09-27 00:00:00+00:00,2026-09-29 03:00:00+00:00,51,persistence,normal,22.4658,0.854
2026-09-27 00:00:00+00:00,2026-09-29 06:00:00+00:00,54,persistence,normal,22.4658,0.9013
2026-09-27 00:00:00+00:00,2026-09-29 09:00:00+00:00,57,persistence,normal,22.4658,0.9344
2026-09-27 00:00:00+00:00,2026-09-29 12:00:00+00:00,60,persistence,normal,22.4658,0.9427
2026-09-27 00:00:00+00:00,2026-09-29 15:00:00+00:00,63,persistence,normal,22.4658,0.9298
2026-09-27 00:00:00+00:00,2026-09-29 18:00:00+00:00,66,persistence,normal,22.4658,0.9041
2026-09-27 00:00:00+00:00,2026-09-29 21:00:00+00:00,69,persistence,normal,22.4658,0.884
2026-09-27 00:00:00+00:00,2026-09-30 00:00:00+00:00,72,persistence,normal,22.4658,0.8922
2026-09-27 00:00:00+00:00,2026-09-30 03:00:00+00:00,75,persistence,normal,22.4658,0.9306
2026-09-27 00:00:00+00:00,2026-09-30 06:00:00+00:00,78,persistence,normal,22.4658,0.972
2026-09-27 00:00:00+00:00,2026-09-30 09:00:00+00:00,81,persistence,normal,22.4658,0.9983
2026-09-27 00:00:00+00:00,2026-09-30 12:00:00+00:00,84,persistence,normal,22.4658,1.0035
2026-09-27 00:00:00+00:00,2026-09-30 15:00:00+00:00,87,persistence,normal,22.4658,0.9883
2026-09-27 00:00:00+00:00,2026-09-30 18:00:00+00:00,90,persistence,normal,22.4658,0.9618
2026-09-27 00:00:00+00:00,2026-09-30 21:00:00+00:00,93,persistence,normal,22.4658,0.9408
2026-09-27 00:00:00+00:00,2026-10-01 00:00:00+00:00,96,persistence,normal,22.4658,0.9467
2026-09-27 00:00:00+00:00,2026-10-01 03:00:00+00:00,99,persistence,normal,22.4658,0.9795
2026-09-27 00:00:00+00:00,2026-10-01 06:00:00+00:00,102,persistence,normal,22.4658,1.0164
2026-09-27 00:00:00+00:00,2026-10-01 09:00:00+00:00,105,persistence,normal,22.4658,1.0413
2026-09-27 00:00:00+00:00,2026-10-01 12:00:00+00:00,108,persistence,normal,22.4658,1.0457
2026-09-27 00:00:00+00:00,2026-10-01 15:00:00+00:00,111,persistence,normal,22.4658,1.0302
2026-09-27 00:00:00+00:00,2026-10-01 18:00:00+00:00,114,persistence,normal,22.4658,1.0043
2026-09-27 00:00:00+00:00,2026-10-01 21:00:00+00:00,117,persistence,normal,22.4658,0.9828
2026-09-27 00:00:00+00:00,2026-10-02 00:00:00+00:00,120,persistence,normal,22.4658,0.9865
2026-09-27 00:00:00+00:00,2026-10-02 03:00:00+00:00,123,persistence,normal,22.4658,1.0145
2026-09-27 00:00:00+00:00,2026-10-02 06:00:00+00:00,126,persistence,normal,22.4658,1.0486
2026-09-27 00:00:00+00:00,2026-10-02 09:00:00+00:00,129,persistence,normal,22.4658,1.0712
2026-09-27 00:00:00+00:00,2026-10-02 12:00:00+00:00,132,persistence,normal,22.4658,1.0748
2026-09-27 00:00:00+00:00,2026-10-02 15:00:00+00:00,135,persistence,normal,22.4658,1.0595
2026-09-27 00:00:00+00:00,2026-10-02 18:00:00+00:00,138,persistence,normal,22.4658,1.0344
2026-09-27 00:00:00+00:00,2026-10-02 21:00:00+00:00,141,persistence,normal,22.4658,1.015
2026-09-27 00:00:00+00:00,2026-10-03 00:00:00+00:00,144,persistence,normal,22.4658,1.0184
2026-09-27 00:00:00+00:00,2026-10-03 03:00:00+00:00,147,persistence,normal,22.4658,1.0442
2026-09-27 00:00:00+00:00,2026-10-03 06:00:00+00:00,150,persistence,normal,22.4658,1.0766
2026-09-27 00:00:00+00:00,2026-10-03 09:00:00+00:00,153,persistence,normal,22.4658,1.0988
2026-09-27 00:00:00+00:00,2026-10-03 12:00:00+00:00,156,persistence,normal,22.4658,1.1016
2026-09-27 00:00:00+00:00,2026-10-03 15:00:00+00:00,159,persistence,normal,22.4658,1.0861
2026-09-27 00:00:00+00:00,2026-10-03 18:00:00+00:00,162,persistence,normal,22.4658,1.0623
2026-09-27 00:00:00+00:00,2026-10-03 21:00:00+00:00,165,persistence,normal,22.4658,1.0428
2026-09-27 00:00:00+00:00,2026-10-04 00:00:00+00:00,168,persistence,normal,22.4658,1.0454
2026-09-28 00:00:00+00:00,2026-09-28 03:00:00+00:00,3,anomaly_ar1,normal,23.2123,0.3548
2026-09-28 00:00:00+00:00,2026-09-28 06:00:00+00:00,6,anomaly_ar1,normal,23.3167,0.4474
2026-09-28 00:00:00+00:00,2026-09-28 09:00:00+00:00,9,anomaly_ar1,normal,23.3589,0.5173
2026-09-28 00:00:00+00:00,2026-09-28 12:00:00+00:00,12,anomaly_ar1,normal,23.307,0.5735
2026-09-28 00:00:00+00:00,2026-09-28 15:00:00+00:00,15,anomaly_ar1,normal,23.3087,0.6201
2026-09-28 00:00:00+00:00,2026-09-28 18:00:00+00:00,18,anomaly_ar1,normal,23.4493,0.6595
2026-09-28 00:00:00+00:00,2026-09-28 21:00:00+00:00,21,anomaly_ar1,normal,23.6975,0.6934
2026-09-28 00:00:00+00:00,2026-09-29 00:00:00+00:00,24,anomaly_ar1,normal,24.0947,0.7228
2026-09-28 00:00:00+00:00,2026-09-29 03:00:00+00:00,27,anomaly_ar1,normal,24.3733,0.7485
2026-09-28 00:00:00+00:00,2026-09-29 06:00:00+00:00,30,anomaly_ar1,normal,24.4218,0.771
2026-09-28 00:00:00+00:00,2026-09-29 09:00:00+00:00,33,anomaly_ar1,normal,24.4093,0.791
2026-09-28 00:00:00+00:00,2026-09-29 12:00:00+00:00,36,anomaly_ar1,normal,24.3116,0.8086
2026-09-28 00:00:00+00:00,2026-09-29 15:00:00+00:00,39,anomaly_ar1,normal,24.2623,0.8243
2026-09-28 00:00:00+00:00,2026-09-29 18:00:00+00:00,42,anomaly_ar1,normal,24.3614,0.8383
2026-09-28 00:00:00+00:00,2026-09-29 21:00:00+00:00,45,anomaly_ar1,normal,24.5693,0.8509
2026-09-28 00:00:00+00:00,2026-09-30 00:00:00+00:00,48,anomaly_ar1,normal,24.9283,0.8621
2026-09-28 00:00:00+00:00,2026-09-30 03:00:00+00:00,51,anomaly_ar1,normal,25.1675,0.8721
2026-09-28 00:00:00+00:00,2026-09-30 06:00:00+00:00,54,anomaly_ar1,normal,25.1769,0.8811
2026-09-28 00:00:00+00:00,2026-09-30 09:00:00+00:00,57,anomaly_ar1,normal,25.127,0.8893
2026-09-28 00:00:00+00:00,2026-09-30 12:00:00+00:00,60,anomaly_ar1,normal,24.9957,0.8966
2026-09-28 00:00:00+00:00,2026-09-30 15:00:00+00:00,63,anomaly_ar1,normal,24.9102,0.9031
2026-09-28 00:00:00+00:00,2026-09-30 18:00:00+00:00,66,anomaly_ar1,normal,24.9632,0.9091
2026-09-28 00:00:00+00:00,2026-09-30 21:00:00+00:00,69,anomaly_ar1,normal,25.146,0.9144
2026-09-28 00:00:00+00:00,2026-10-01 00:00:00+00:00,72,anomaly_ar1,normal,25.476,0.9193
2026-09-28 00:00:00+00:00,2026-10-01 03:00:00+00:00,75,anomaly_ar1,normal,25.6903,0.9236
2026-09-28 00:00:00+00:00,2026-10-01 06:00:00+00:00,78,anomaly_ar1,normal,25.6732,0.9276
2026-09-28 00:00:00+00:00,2026-10-01 09:00:00+00:00,81,anomaly_ar1,normal,25.6018,0.9311
2026-09-28 00:00:00+00:00,2026-10-01 12:00:00+00:00,84,anomaly_ar1,normal,25.4503,0.9344
2026-09-28 00:00:00+00:00,2026-10-01 15:00:00+00:00,87,anomaly_ar1,normal,25.3416,0.9373
2026-09-28 00:00:00+00:00,2026-10-01 18:00:00+00:00,90,anomaly_ar1,normal,25.3648,0.9399
2026-09-28 00:00:00+00:00,2026-10-01 21:00:00+00:00,93,anomaly_ar1,normal,25.5287,0.9423
2026-09-28 00:00:00+00:00,2026-10-02 00:00:00+00:00,96,anomaly_ar1,normal,25.842,0.9445
2026-09-28 00:00:00+00:00,2026-10-02 03:00:00+00:00,99,anomaly_ar1,normal,26.0432,0.9464
2026-09-28 00:00:00+00:00,2026-10-02 06:00:00+00:00,102,anomaly_ar1,normal,26.0117,0.9482
2026-09-28 00:00:00+00:00,2026-10-02 09:00:00+00:00,105,anomaly_ar1,normal,25.9232,0.9498
2026-09-28 00:00:00+00:00,2026-10-02 12:00:00+00:00,108,anomaly_ar1,normal,25.7547,0.9513
2026-09-28 00:00:00+00:00,2026-10-02 15:00:00+00:00,111,anomaly_ar1,normal,25.629,0.9526
2026-09-28 00:00:00+00:00,2026-10-02 18:00:00+00:00,114,anomaly_ar1,normal,25.6446,0.9538
2026-09-28 00:00:00+00:00,2026-10-02 21:00:00+00:00,117,anomaly_ar1,normal,25.7941,0.9549
2026-09-28 00:00:00+00:00,2026-10-03 00:00:00+00:00,120,anomaly_ar1,normal,26.0894,0.9559
2026-09-28 00:00:00+00:00,2026-10-03 03:00:00+00:00,123,anomaly_ar1,normal,26.2719,0.9568
2026-09-28 00:00:00+00:00,2026-10-03 06:00:00+00:00,126,anomaly_ar1,normal,26.2307,0.9576
2026-09-28 00:00:00+00:00,2026-10-03 09:00:00+00:00,129,anomaly_ar1,normal,26.1393,0.9583
2026-09-28 00:00:00+00:00,2026-10-03 12:00:00+00:00,132,anomaly_ar1,normal,25.9531,0.959
2026-09-28 00:00:00+00:00,2026-10-03 15:00:00+00:00,135,anomaly_ar1,normal,25.8173,0.9596
2026-09-28 00:00:00+00:00,2026-10-03 18:00:00+00:00,138,anomaly_ar1,normal,25.8278,0.9602
2026-09-28 00:00:00+00:00,2026-10-03 21:00:00+00:00,141,anomaly_ar1,normal,25.9648,0.9606
2026-09-28 00:00:00+00:00,2026-10-04 00:00:00+00:00,144,anomaly_ar1,normal,26.249,0.9611
2026-09-28 00:00:00+00:00,2026-10-04 03:00:00+00:00,147,anomaly_ar1,normal,26.4192,0.9615
2026-09-28 00:00:00+00:00,2026-10-04 06:00:00+00:00,150,anomaly_ar1,normal,26.3768,0.9619
2026-09-28 00:00:00+00:00,2026-10-04 09:00:00+00:00,153,anomaly_ar1,normal,26.2806,0.9622
2026-09-28 00:00:00+00:00,2026-10-04 12:00:00+00:00,156,anomaly_ar1,normal,26.0899,0.9625
2026-09-28 00:00:00+00:00,2026-10-04 15:00:00+00:00,159,anomaly_ar1,normal,25.9461,0.9628
2026-09-28 00:00:00+00:00,2026-10-04 18:00:00+00:00,162,anomaly_ar1,normal,25.9523,0.9631
2026-09-28 00:00:00+00:00,2026-10-04 21:00:00+00:00,165,anomaly_ar1,normal,26.0791,0.9633
2026-09-28 00:00:00+00:00,2026-10-05 00:00:00+00:00,168,anomaly_ar1,normal,26.3513,0.9635
2026-09-28 00:00:00+00:00,2026-09-28 03:00:00+00:00,3,anomaly_slow,normal,23.2055,0.3578
2026-09-28 00:00:00+00:00,2026-09-28 06:00:00+00:00,6,anomaly_slow,normal,23.3022,0.431
2026-09-28 00:00:00+00:00,2026-09-28 09:00:00+00:00,9,anomaly_slow,normal,23.3343,0.4798
2026-09-28 00:00:00+00:00,2026-09-28 12:00:00+00:00,12,anomaly_slow,normal,23.2703,0.5184
2026-09-28 00:00:00+00:00,2026-09-28 15:00:00+00:00,15,anomaly_slow,normal,23.2582,0.5518
2026-09-28 00:00:00+00:00,2026-09-28 18:00:00+00:00,18,anomaly_slow,normal,23.3834,0.5782
2026-09-28 00:00:00+00:00,2026-09-28 21:00:00+00:00,21,anomaly_slow,normal,23.6149,0.5944
2026-09-28 00:00:00+00:00,2026-09-29 00:00:00+00:00,24,anomaly_slow,normal,23.9943,0.6177
2026-09-28 00:00:00+00:00,2026-09-29 03:00:00+00:00,27,anomaly_slow,normal,24.2542,0.6473
2026-09-28 00:00:00+00:00,2026-09-29 06:00:00+00:00,30,anomaly_slow,normal,24.2831,0.6724
2026-09-28 00:00:00+00:00,2026-09-29 09:00:00+00:00,33,anomaly_slow,normal,24.2504,0.6924
2026-09-28 00:00:00+00:00,2026-09-29 12:00:00+00:00,36,anomaly_slow,normal,24.1319,0.709
2026-09-28 00:00:00+00:00,2026-09-29 15:00:00+00:00,39,anomaly_slow,normal,24.0615,0.7223
2026-09-28 00:00:00+00:00,2026-09-29 18:00:00+00:00,42,anomaly_slow,normal,24.1391,0.7328
2026-09-28 00:00:00+00:00,2026-09-29 21:00:00+00:00,45,anomaly_slow,normal,24.3254,0.7402
2026-09-28 00:00:00+00:00,2026-09-30 00:00:00+00:00,48,anomaly_slow,normal,24.6627,0.7514
2026-09-28 00:00:00+00:00,2026-09-30 03:00:00+00:00,51,anomaly_slow,normal,24.88,0.7663
2026-09-28 00:00:00+00:00,2026-09-30 06:00:00+00:00,54,anomaly_slow,normal,24.8677,0.7779
2026-09-28 00:00:00+00:00,2026-09-30 09:00:00+00:00,57,anomaly_slow,normal,24.7961,0.7872
2026-09-28 00:00:00+00:00,2026-09-30 12:00:00+00:00,60,anomaly_slow,normal,24.6433,0.7947
2026-09-28 00:00:00+00:00,2026-09-30 15:00:00+00:00,63,anomaly_slow,normal,24.5365,0.8007
2026-09-28 00:00:00+00:00,2026-09-30 18:00:00+00:00,66,anomaly_slow,normal,24.5684,0.806
2026-09-28 00:00:00+00:00,2026-09-30 21:00:00+00:00,69,anomaly_slow,normal,24.7304,0.8106
2026-09-28 00:00:00+00:00,2026-10-01 00:00:00+00:00,72,anomaly_slow,normal,25.0399,0.817
2026-09-28 00:00:00+00:00,2026-10-01 03:00:00+00:00,75,anomaly_slow,normal,25.234,0.8254
2026-09-28 00:00:00+00:00,2026-10-01 06:00:00+00:00,78,anomaly_slow,normal,25.1971,0.8318
2026-09-28 00:00:00+00:00,2026-10-01 09:00:00+00:00,81,anomaly_slow,normal,25.1063,0.8362
2026-09-28 00:00:00+00:00,2026-10-01 12:00:00+00:00,84,anomaly_slow,normal,24.9358,0.8397
2026-09-28 00:00:00+00:00,2026-10-01 15:00:00+00:00,87,anomaly_slow,normal,24.8085,0.8424
2026-09-28 00:00:00+00:00,2026-10-01 18:00:00+00:00,90,anomaly_slow,normal,24.8135,0.8455
2026-09-28 00:00:00+00:00,2026-10-01 21:00:00+00:00,93,anomaly_slow,normal,24.9595,0.8485
2026-09-28 00:00:00+00:00,2026-10-02 00:00:00+00:00,96,anomaly_slow,normal,25.2556,0.853
2026-09-28 00:00:00+00:00,2026-10-02 03:00:00+00:00,99,anomaly_slow,normal,25.4399,0.8581
2026-09-28 00:00:00+00:00,2026-10-02 06:00:00+00:00,102,anomaly_slow,normal,25.3919,0.8616
2026-09-28 00:00:00+00:00,2026-10-02 09:00:00+00:00,105,anomaly_slow,normal,25.2874,0.8642
2026-09-28 00:00:00+00:00,2026-10-02 12:00:00+00:00,108,anomaly_slow,normal,25.1034,0.8674
2026-09-28 00:00:00+00:00,2026-10-02 15:00:00+00:00,111,anomaly_slow,normal,24.9626,0.8696
2026-09-28 00:00:00+00:00,2026-10-02 18:00:00+00:00,114,anomaly_slow,normal,24.9635,0.8709
2026-09-28 00:00:00+00:00,2026-10-02 21:00:00+00:00,117,anomaly_slow,normal,25.0988,0.872
2026-09-28 00:00:00+00:00,2026-10-03 00:00:00+00:00,120,anomaly_slow,normal,25.3804,0.875
2026-09-28 00:00:00+00:00,2026-10-03 03:00:00+00:00,123,anomaly_slow,normal,25.5494,0.879
2026-09-28 00:00:00+00:00,2026-10-03 06:00:00+00:00,126,anomaly_slow,normal,25.4954,0.883
2026-09-28 00:00:00+00:00,2026-10-03 09:00:00+00:00,129,anomaly_slow,normal,25.3914,0.886
2026-09-28 00:00:00+00:00,2026-10-03 12:00:00+00:00,132,anomaly_slow,normal,25.1931,0.8885
2026-09-28 00:00:00+00:00,2026-10-03 15:00:00+00:00,135,anomaly_slow,normal,25.0456,0.8902
2026-09-28 00:00:00+00:00,2026-10-03 18:00:00+00:00,138,anomaly_slow,normal,25.0448,0.8908
2026-09-28 00:00:00+00:00,2026-10-03 21:00:00+00:00,141,anomaly_slow,normal,25.1708,0.8914
2026-09-28 00:00:00+00:00,2026-10-04 00:00:00+00:00,144,anomaly_slow,normal,25.4444,0.8933
2026-09-28 00:00:00+00:00,2026-10-04 03:00:00+00:00,147,anomaly_slow,normal,25.6045,0.8957
2026-09-28 00:00:00+00:00,2026-10-04 06:00:00+00:00,150,anomaly_slow,normal,25.5522,0.8986
2026-09-28 00:00:00+00:00,2026-10-04 09:00:00+00:00,153,anomaly_slow,normal,25.4465,0.9011
2026-09-28 00:00:00+00:00,2026-10-04 12:00:00+00:00,156,anomaly_slow,normal,25.2467,0.9033
2026-09-28 00:00:00+00:00,2026-10-04 15:00:00+00:00,159,anomaly_slow,normal,25.0941,0.904
2026-09-28 00:00:00+00:00,2026-10-04 18:00:00+00:00,162,anomaly_slow,normal,25.0918,0.904
2026-09-28 00:00:00+00:00,2026-10-04 21:00:00+00:00,165,anomaly_slow,normal,25.2103,0.9036
2026-09-28 00:00:00+00:00,2026-10-05 00:00:00+00:00,168,anomaly_slow,normal,25.4747,0.9043
2026-09-28 00:00:00+00:00,2026-09-28 03:00:00+00:00,3,climatology,normal,26.902,0.9596
2026-09-28 00:00:00+00:00,2026-09-28 06:00:00+00:00,6,climatology,normal,26.8323,0.9538
2026-09-28 00:00:00+00:00,2026-09-28 09:00:00+00:00,9,climatology,normal,26.7086,0.9815
2026-09-28 00:00:00+00:00,2026-09-28 12:00:00+00:00,12,climatology,normal,26.4986,0.9733
2026-09-28 00:00:00+00:00,2026-09-28 15:00:00+00:00,15,climatology,normal,26.3497,0.9464
2026-09-28 00:00:00+00:00,2026-09-28 18:00:00+00:00,18,climatology,normal,26.3468,0.9841
2026-09-28 00:00:00+00:00,2026-09-28 21:00:00+00:00,21,climatology,normal,26.4583,0.9651
2026-09-28 00:00:00+00:00,2026-09-29 00:00:00+00:00,24,climatology,normal,26.7252,0.9226
2026-09-28 00:00:00+00:00,2026-09-29 03:00:00+00:00,27,climatology,normal,26.8797,0.9547
2026-09-28 00:00:00+00:00,2026-09-29 06:00:00+00:00,30,climatology,normal,26.8099,0.9515
2026-09-28 00:00:00+00:00,2026-09-29 09:00:00+00:00,33,climatology,normal,26.6847,0.9769
2026-09-28 00:00:00+00:00,2026-09-29 12:00:00+00:00,36,climatology,normal,26.4796,0.9679
2026-09-28 00:00:00+00:00,2026-09-29 15:00:00+00:00,39,climatology,normal,26.328,0.9431
2026-09-28 00:00:00+00:00,2026-09-29 18:00:00+00:00,42,climatology,normal,26.3296,0.9751
2026-09-28 00:00:00+00:00,2026-09-29 21:00:00+00:00,45,climatology,normal,26.4446,0.9563
2026-09-28 00:00:00+00:00,2026-09-30 00:00:00+00:00,48,climatology,normal,26.7152,0.917
2026-09-28 00:00:00+00:00,2026-09-30 03:00:00+00:00,51,climatology,normal,26.87,0.9473
2026-09-28 00:00:00+00:00,2026-09-30 06:00:00+00:00,54,climatology,normal,26.7991,0.9473
2026-09-28 00:00:00+00:00,2026-09-30 09:00:00+00:00,57,climatology,normal,26.6726,0.97
2026-09-28 00:00:00+00:00,2026-09-30 12:00:00+00:00,60,climatology,normal,26.4684,0.9586
2026-09-28 00:00:00+00:00,2026-09-30 15:00:00+00:00,63,climatology,normal,26.3134,0.9356
2026-09-28 00:00:00+00:00,2026-09-30 18:00:00+00:00,66,climatology,normal,26.3002,0.9808
2026-09-28 00:00:00+00:00,2026-09-30 21:00:00+00:00,69,climatology,normal,26.4199,0.9591
2026-09-28 00:00:00+00:00,2026-10-01 00:00:00+00:00,72,climatology,normal,26.6898,0.9262
2026-09-28 00:00:00+00:00,2026-10-01 03:00:00+00:00,75,climatology,normal,26.8468,0.9534
2026-09-28 00:00:00+00:00,2026-10-01 06:00:00+00:00,78,climatology,normal,26.7751,0.9414
2026-09-28 00:00:00+00:00,2026-10-01 09:00:00+00:00,81,climatology,normal,26.6517,0.9714
2026-09-28 00:00:00+00:00,2026-10-01 12:00:00+00:00,84,climatology,normal,26.4507,0.9566
2026-09-28 00:00:00+00:00,2026-10-01 15:00:00+00:00,87,climatology,normal,26.2948,0.9379
2026-09-28 00:00:00+00:00,2026-10-01 18:00:00+00:00,90,climatology,normal,26.273,0.9823
2026-09-28 00:00:00+00:00,2026-10-01 21:00:00+00:00,93,climatology,normal,26.394,0.9616
2026-09-28 00:00:00+00:00,2026-10-02 00:00:00+00:00,96,climatology,normal,26.6665,0.9293
2026-09-28 00:00:00+00:00,2026-10-02 03:00:00+00:00,99,climatology,normal,26.8288,0.9479
2026-09-28 00:00:00+00:00,2026-10-02 06:00:00+00:00,102,climatology,normal,26.7602,0.943
2026-09-28 00:00:00+00:00,2026-10-02 09:00:00+00:00,105,climatology,normal,26.6364,0.9784
2026-09-28 00:00:00+00:00,2026-10-02 12:00:00+00:00,108,climatology,normal,26.4342,0.9701
2026-09-28 00:00:00+00:00,2026-10-02 15:00:00+00:00,111,climatology,normal,26.2765,0.9368
2026-09-28 00:00:00+00:00,2026-10-02 18:00:00+00:00,114,climatology,normal,26.2615,0.9809
2026-09-28 00:00:00+00:00,2026-10-02 21:00:00+00:00,117,climatology,normal,26.3819,0.9672
2026-09-28 00:00:00+00:00,2026-10-03 00:00:00+00:00,120,climatology,normal,26.6495,0.9304
2026-09-28 00:00:00+00:00,2026-10-03 03:00:00+00:00,123,climatology,normal,26.8055,0.9509
2026-09-28 00:00:00+00:00,2026-10-03 06:00:00+00:00,126,climatology,normal,26.7392,0.947
2026-09-28 00:00:00+00:00,2026-10-03 09:00:00+00:00,129,climatology,normal,26.6238,0.9744
2026-09-28 00:00:00+00:00,2026-10-03 12:00:00+00:00,132,climatology,normal,26.4147,0.9726
2026-09-28 00:00:00+00:00,2026-10-03 15:00:00+00:00,135,climatology,normal,26.2571,0.9306
2026-09-28 00:00:00+00:00,2026-10-03 18:00:00+00:00,138,climatology,normal,26.2469,0.9636
2026-09-28 00:00:00+00:00,2026-10-03 21:00:00+00:00,141,climatology,normal,26.3641,0.9551
2026-09-28 00:00:00+00:00,2026-10-04 00:00:00+00:00,144,climatology,normal,26.6294,0.9402
2026-09-28 00:00:00+00:00,2026-10-04 03:00:00+00:00,147,climatology,normal,26.7817,0.9628
2026-09-28 00:00:00+00:00,2026-10-04 06:00:00+00:00,150,climatology,normal,26.7222,0.9545
2026-09-28 00:00:00+00:00,2026-10-04 09:00:00+00:00,153,climatology,normal,26.6097,0.9671
2026-09-28 00:00:00+00:00,2026-10-04 12:00:00+00:00,156,climatology,normal,26.4035,0.9631
2026-09-28 00:00:00+00:00,2026-10-04 15:00:00+00:00,159,climatology,normal,26.2449,0.9267
2026-09-28 00:00:00+00:00,2026-10-04 18:00:00+00:00,162,climatology,normal,26.237,0.9679
2026-09-28 00:00:00+00:00,2026-10-04 21:00:00+00:00,165,climatology,normal,26.3503,0.9717
2026-09-28 00:00:00+00:00,2026-10-05 00:00:00+00:00,168,climatology,normal,26.6097,0.9515
2026-09-28 00:00:00+00:00,2026-09-28 03:00:00+00:00,3,persistence,normal,22.64,0.4288
2026-09-28 00:00:00+00:00,2026-09-28 06:00:00+00:00,6,persistence,normal,22.64,0.5511
2026-09-28 00:00:00+00:00,2026-09-28 09:00:00+00:00,9,persistence,normal,22.64,0.6251
2026-09-28 00:00:00+00:00,2026-09-28 12:00:00+00:00,12,persistence,normal,22.64,0.6594
2026-09-28 00:00:00+00:00,2026-09-28 15:00:00+00:00,15,persistence,normal,22.64,0.6627
2026-09-28 00:00:00+00:00,2026-09-28 18:00:00+00:00,18,persistence,normal,22.64,0.6459
2026-09-28 00:00:00+00:00,2026-09-28 21:00:00+00:00,21,persistence,normal,22.64,0.6261
2026-09-28 00:00:00+00:00,2026-09-29 00:00:00+00:00,24,persistence,normal,22.64,0.651
2026-09-28 00:00:00+00:00,2026-09-29 03:00:00+00:00,27,persistence,normal,22.64,0.719
2026-09-28 00:00:00+00:00,2026-09-29 06:00:00+00:00,30,persistence,normal,22.64,0.786
2026-09-28 00:00:00+00:00,2026-09-29 09:00:00+00:00,33,persistence,normal,22.64,0.8317
2026-09-28 00:00:00+00:00,2026-09-29 12:00:00+00:00,36,persistence,normal,22.64,0.8495
2026-09-28 00:00:00+00:00,2026-09-29 15:00:00+00:00,39,persistence,normal,22.64,0.8419
2026-09-28 00:00:00+00:00,2026-09-29 18:00:00+00:00,42,persistence,normal,22.64,0.8182
2026-09-28 00:00:00+00:00,2026-09-29 21:00:00+00:00,45,persistence,normal,22.64,0.7947
2026-09-28 00:00:00+00:00,2026-09-30 00:00:00+00:00,48,persistence,normal,22.64,0.8066
2026-09-28 00:00:00+00:00,2026-09-30 03:00:00+00:00,51,persistence,normal,22.64,0.854
2026-09-28 00:00:00+00:00,2026-09-30 06:00:00+00:00,54,persistence,normal,22.64,0.9013
2026-09-28 00:00:00+00:00,2026-09-30 09:00:00+00:00,57,persistence,normal,22.64,0.9344
2026-09-28 00:00:00+00:00,2026-09-30 12:00:00+00:00,60,persistence,normal,22.64,0.9427
2026-09-28 00:00:00+00:00,2026-09-30 15:00:00+00:00,63,persistence,normal,22.64,0.9298
2026-09-28 00:00:00+00:00,2026-09-30 18:00:00+00:00,66,persistence,normal,22.64,0.9041
2026-09-28 00:00:00+00:00,2026-09-30 21:00:00+00:00,69,persistence,normal,22.64,0.884
2026-09-28 00:00:00+00:00,2026-10-01 00:00:00+00:00,72,persistence,normal,22.64,0.8922
2026-09-28 00:00:00+00:00,2026-10-01 03:00:00+00:00,75,persistence,normal,22.64,0.9306
2026-09-28 00:00:00+00:00,2026-10-01 06:00:00+00:00,78,persistence,normal,22.64,0.972
2026-09-28 00:00:00+00:00,2026-10-01 09:00:00+00:00,81,persistence,normal,22.64,0.9983
2026-09-28 00:00:00+00:00,2026-10-01 12:00:00+00:00,84,persistence,normal,22.64,1.0035
2026-09-28 00:00:00+00:00,2026-10-01 15:00:00+00:00,87,persistence,normal,22.64,0.9883
2026-09-28 00:00:00+00:00,2026-10-01 18:00:00+00:00,90,persistence,normal,22.64,0.9618
2026-09-28 00:00:00+00:00,2026-10-01 21:00:00+00:00,93,persistence,normal,22.64,0.9408
2026-09-28 00:00:00+00:00,2026-10-02 00:00:00+00:00,96,persistence,normal,22.64,0.9467
2026-09-28 00:00:00+00:00,2026-10-02 03:00:00+00:00,99,persistence,normal,22.64,0.9795
2026-09-28 00:00:00+00:00,2026-10-02 06:00:00+00:00,102,persistence,normal,22.64,1.0164
2026-09-28 00:00:00+00:00,2026-10-02 09:00:00+00:00,105,persistence,normal,22.64,1.0413
2026-09-28 00:00:00+00:00,2026-10-02 12:00:00+00:00,108,persistence,normal,22.64,1.0457
2026-09-28 00:00:00+00:00,2026-10-02 15:00:00+00:00,111,persistence,normal,22.64,1.0302
2026-09-28 00:00:00+00:00,2026-10-02 18:00:00+00:00,114,persistence,normal,22.64,1.0043
2026-09-28 00:00:00+00:00,2026-10-02 21:00:00+00:00,117,persistence,normal,22.64,0.9828
2026-09-28 00:00:00+00:00,2026-10-03 00:00:00+00:00,120,persistence,normal,22.64,0.9865
2026-09-28 00:00:00+00:00,2026-10-03 03:00:00+00:00,123,persistence,normal,22.64,1.0145
2026-09-28 00:00:00+00:00,2026-10-03 06:00:00+00:00,126,persistence,normal,22.64,1.0486
2026-09-28 00:00:00+00:00,2026-10-03 09:00:00+00:00,129,persistence,normal,22.64,1.0712
2026-09-28 00:00:00+00:00,2026-10-03 12:00:00+00:00,132,persistence,normal,22.64,1.0748
2026-09-28 00:00:00+00:00,2026-10-03 15:00:00+00:00,135,persistence,normal,22.64,1.0595
2026-09-28 00:00:00+00:00,2026-10-03 18:00:00+00:00,138,persistence,normal,22.64,1.0344
2026-09-28 00:00:00+00:00,2026-10-03 21:00:00+00:00,141,persistence,normal,22.64,1.015
2026-09-28 00:00:00+00:00,2026-10-04 00:00:00+00:00,144,persistence,normal,22.64,1.0184
2026-09-28 00:00:00+00:00,2026-10-04 03:00:00+00:00,147,persistence,normal,22.64,1.0442
2026-09-28 00:00:00+00:00,2026-10-04 06:00:00+00:00,150,persistence,normal,22.64,1.0766
2026-09-28 00:00:00+00:00,2026-10-04 09:00:00+00:00,153,persistence,normal,22.64,1.0988
2026-09-28 00:00:00+00:00,2026-10-04 12:00:00+00:00,156,persistence,normal,22.64,1.1016
2026-09-28 00:00:00+00:00,2026-10-04 15:00:00+00:00,159,persistence,normal,22.64,1.0861
2026-09-28 00:00:00+00:00,2026-10-04 18:00:00+00:00,162,persistence,normal,22.64,1.0623
2026-09-28 00:00:00+00:00,2026-10-04 21:00:00+00:00,165,persistence,normal,22.64,1.0428
2026-09-28 00:00:00+00:00,2026-10-05 00:00:00+00:00,168,persistence,normal,22.64,1.0454
