reference_datetime,datetime,roms_temp
2026-09-26 00:00:00+00:00,2026-09-26 00:00:00+00:00,27.4181
2026-09-26 00:00:00+00:00,2026-09-26 03:00:00+00:00,27.3374
2026-09-26 00:00:00+00:00,2026-09-26 06:00:00+00:00,27.1052
2026-09-26 00:00:00+00:00,2026-09-26 09:00:00+00:00,26.9509
2026-09-26 00:00:00+00:00,2026-09-26 12:00:00+00:00,26.9316
2026-09-26 00:00:00+00:00,2026-09-26 15:00:00+00:00,26.8846
2026-09-26 00:00:00+00:00,2026-09-26 18:00:00+00:00,26.8678
2026-09-26 00:00:00+00:00,2026-09-26 21:00:00+00:00,27.0778
2026-09-26 00:00:00+00:00,2026-09-27 00:00:00+00:00,26.9983
2026-09-26 00:00:00+00:00,2026-09-27 03:00:00+00:00,26.9441
2026-09-26 00:00:00+00:00,2026-09-27 06:00:00+00:00,26.8398
2026-09-26 00:00:00+00:00,2026-09-27 09:00:00+00:00,26.7524
2026-09-26 00:00:00+00:00,2026-09-27 12:00:00+00:00,26.6789
2026-09-26 00:00:00+00:00,2026-09-27 15:00:00+00:00,26.5994
2026-09-26 00:00:00+00:00,2026-09-27 18:00:00+00:00,26.535
2026-09-26 00:00:00+00:00,2026-09-27 21:00:00+00:00,26.7788
2026-09-26 00:00:00+00:00,2026-09-28 00:00:00+00:00,27.1971
2026-09-26 00:00:00+00:00,2026-09-28 03:00:00+00:00,27.4927
2026-09-26 00:00:00+00:00,2026-09-28 06:00:00+00:00,27.1919
2026-09-26 00:00:00+00:00,2026-09-28 09:00:00+00:00,26.6563
2026-09-26 00:00:00+00:00,2026-09-28 12:00:00+00:00,26.5206
2026-09-26 00:00:00+00:00,2026-09-28 15:00:00+00:00,26.4616
2026-09-26 00:00:00+00:00,2026-09-28 18:00:00+00:00,26.4878
2026-09-26 00:00:00+00:00,2026-09-28 21:00:00+00:00,26.8613
2026-09-26 00:00:00+00:00,2026-09-29 00:00:00+00:00,27.4882
2026-09-26 00:00:00+00:00,2026-09-29 03:00:00+00:00,27.6631
2026-09-26 00:00:00+00:00,2026-09-29 06:00:00+00:00,27.2177
2026-09-26 00:00:00+00:00,2026-09-29 09:00:00+00:00,26.7689
2026-09-26 00:00:00+00:00,2026-09-29 12:00:00+00:00,26.5558
2026-09-26 00:00:00+00:00,2026-09-29 15:00:00+00:00,26.4352
2026-09-26 00:00:00+00:00,2026-09-29 18:00:00+00:00,26.3628
2026-09-26 00:00:00+00:00,2026-09-29 21:00:00+00:00,26.6137
2026-09-26 00:00:00+00:00,2026-09-30 00:00:00+00:00,27.0619
2026-09-26 00:00:00+00:00,2026-09-30 03:00:00+00:00,26.9193
2026-09-26 00:00:00+00:00,2026-09-30 06:00:00+00:00,26.7261
2026-09-26 00:00:00+00:00,2026-09-30 09:00:00+00:00,26.5716
2026-09-26 00:00:00+00:00,2026-09-30 12:00:00+00:00,26.4694
2026-09-26 00:00:00+00:00,2026-09-30 15:00:00+00:00,26.3266
2026-09-26 00:00:00+00:00,2026-09-30 18:00:00+00:00,26.2839
2026-09-26 00:00:00+00:00,2026-09-30 21:00:00+00:00,26.1374
2026-09-26 00:00:00+00:00,2026-10-01 00:00:00+00:00,26.1233
2026-09-26 00:00:00+00:00,2026-10-01 03:00:00+00:00,26.1904
2026-09-26 00:00:00+00:00,2026-10-01 06:00:00+00:00,26.2495
2026-09-26 00:00:00+00:00,2026-10-01 09:00:00+00:00,26.1439
2026-09-26 00:00:00+00:00,2026-10-01 12:00:00+00:00,26.1079
2026-09-26 00:00:00+00:00,2026-10-01 15:00:00+00:00,26.0532
2026-09-26 00:00:00+00:00,2026-10-01 18:00:00+00:00,25.9657
2026-09-26 00:00:00+00:00,2026-10-01 21:00:00+00:00,25.9562
2026-09-26 00:00:00+00:00,2026-10-02 00:00:00+00:00,26.1595
