doy,slot,mu,sd
0,0,24.1829,0.9756
0,1,24.3001,0.9775
0,2,24.3396,0.9622
0,3,24.2991,1.0454
0,4,24.1882,1.0424
0,5,24.0376,1.0248
0,6,23.9262,1.0549
0,7,24.0352,1.0022
1,0,24.1765,0.9649
1,1,24.299,0.9711
1,2,24.3367,0.9567
1,3,24.2958,1.0379
1,4,24.1838,1.0365
1,5,24.0321,1.0214
1,6,23.9226,1.0488
1,7,24.0351,0.9975
2,0,24.1719,0.9576
2,1,24.2951,0.9663
2,2,24.333,0.9504
2,3,24.2973,1.0323
2,4,24.1875,1.0312
2,5,24.0287,1.0139
2,6,23.9211,1.0369
2,7,24.0382,0.9945
3,0,24.1774,0.9547
3,1,24.2995,0.9654
3,2,24.3368,0.9469
3,3,24.2982,1.0277
3,4,24.1901,1.0244
3,5,24.0354,1.0033
3,6,23.9344,1.021
3,7,24.048,0.9776
4,0,24.194,0.9313
4,1,24.3248,0.9333
4,2,24.3582,0.907
4,3,24.3251,0.9891
4,4,24.2174,0.9856
4,5,24.0672,0.9586
4,6,23.9633,0.9867
4,7,24.0689,0.9489
5,0,24.208,0.9104
5,1,24.3352,0.9185
5,2,24.3711,0.8881
5,3,24.3442,0.9586
5,4,24.2345,0.9527
5,5,24.0904,0.922
5,6,23.9875,0.9614
5,7,24.0924,0.9147
6,0,24.233,0.8702
6,1,24.3621,0.8553
6,2,24.3945,0.8254
6,3,24.3696,0.9041
6,4,24.2586,0.9011
6,5,24.1168,0.8757
6,6,24.0139,0.9153
6,7,24.114,0.8571
7,0,24.2497,0.8306
7,1,24.3758,0.8138
7,2,24.4078,0.7813
7,3,24.3764,0.8754
7,4,24.2681,0.8685
7,5,24.1313,0.839
7,6,24.0286,0.8793
7,7,24.1202,0.8224
8,0,24.2504,0.7969
8,1,24.3817,0.7844
8,2,24.4081,0.767
8,3,24.3798,0.8542
8,4,24.269,0.8524
8,5,24.133,0.8218
8,6,24.0288,0.8608
8,7,24.1162,0.8096
9,0,24.2429,0.8002
9,1,24.3769,0.7844
9,2,24.4052,0.7728
9,3,24.3748,0.8517
9,4,24.2701,0.8383
9,5,24.1308,0.8076
9,6,24.0213,0.8494
9,7,24.1047,0.8102
10,0,24.2316,0.8041
10,1,24.3577,0.8058
10,2,24.3887,0.7923
10,3,24.3578,0.8692
10,4,24.2561,0.8401
10,5,24.1132,0.8118
10,6,24.0035,0.8655
10,7,24.0857,0.8328
11,0,24.2095,0.822
11,1,24.3413,0.8199
11,2,24.3755,0.8051
11,3,24.3481,0.8781
11,4,24.2453,0.848
11,5,24.1008,0.8154
11,6,23.9947,0.8774
11,7,24.0802,0.841
12,0,24.2092,0.8276
12,1,24.3355,0.8307
12,2,24.3727,0.817
12,3,24.3494,0.8901
12,4,24.2417,0.8599
12,5,24.0995,0.82
12,6,23.9978,0.8835
12,7,24.0853,0.8442
13,0,24.2097,0.8301
13,1,24.3317,0.8352
13,2,24.3612,0.8267
13,3,24.3509,0.8861
13,4,24.242,0.8537
13,5,24.0951,0.8141
13,6,23.9929,0.8778
13,7,24.0862,0.8379
14,0,24.2162,0.8202
14,1,24.3353,0.8298
14,2,24.3565,0.8223
14,3,24.3429,0.8837
14,4,24.2376,0.8517
14,5,24.095,0.8139
14,6,23.9993,0.8773
14,7,24.0966,0.8281
15,0,24.223,0.8221
15,1,24.3431,0.8321
15,2,24.3661,0.8171
15,3,24.355,0.8672
15,4,24.2485,0.8303
15,5,24.102,0.8007
15,6,24.0033,0.8697
15,7,24.105,0.8176
16,0,24.2369,0.8177
16,1,24.3509,0.8281
16,2,24.3623,0.8196
16,3,24.3537,0.8625
16,4,24.2546,0.8327
16,5,24.1032,0.8053
16,6,24.0075,0.8725
16,7,24.109,0.8224
17,0,24.2442,0.8225
17,1,24.3566,0.8308
17,2,24.3621,0.8216
17,3,24.353,0.8576
17,4,24.2586,0.8273
17,5,24.1051,0.8062
17,6,24.0148,0.8704
17,7,24.121,0.8225
18,0,24.2578,0.8233
18,1,24.3692,0.8271
18,2,24.3692,0.8209
18,3,24.3536,0.856
18,4,24.2618,0.8235
18,5,24.1054,0.802
18,6,24.0123,0.8695
18,7,24.124,0.8223
19,0,24.2644,0.8213
19,1,24.3769,0.8265
19,2,24.3748,0.8203
19,3,24.3567,0.8589
19,4,24.2636,0.8249
19,5,24.1129,0.8019
19,6,24.0168,0.8686
19,7,24.1291,0.82
20,0,24.2773,0.8197
20,1,24.3854,0.8274
20,2,24.3788,0.8172
20,3,24.3627,0.8542
20,4,24.2732,0.8184
20,5,24.1244,0.7946
20,6,24.0294,0.8612
20,7,24.143,0.8162
21,0,24.2928,0.8111
21,1,24.3994,0.8113
21,2,24.3913,0.8002
21,3,24.3753,0.8307
21,4,24.287,0.7925
21,5,24.143,0.7665
21,6,24.0502,0.833
21,7,24.1577,0.7959
22,0,24.309,0.791
22,1,24.4148,0.7928
22,2,24.4051,0.7853
22,3,24.392,0.8141
22,4,24.304,0.7711
22,5,24.1564,0.7529
22,6,24.0637,0.824
22,7,24.1702,0.7896
23,0,24.3232,0.7811
23,1,24.4259,0.7795
23,2,24.4163,0.7672
23,3,24.3993,0.7964
23,4,24.3127,0.7516
23,5,24.1604,0.7347
23,6,24.0678,0.8125
23,7,24.1717,0.7826
24,0,24.3247,0.7735
24,1,24.4242,0.7766
24,2,24.4089,0.769
24,3,24.3952,0.7938
24,4,24.3087,0.7457
24,5,24.1553,0.7327
24,6,24.0626,0.8057
24,7,24.1703,0.7724
25,0,24.3248,0.7653
25,1,24.4233,0.772
25,2,24.3999,0.7687
25,3,24.3812,0.7969
25,4,24.294,0.7585
25,5,24.1454,0.7379
25,6,24.0564,0.807
25,7,24.165,0.7698
26,0,24.33,0.7583
26,1,24.4281,0.7682
26,2,24.3976,0.7701
26,3,24.3804,0.799
26,4,24.2928,0.7564
26,5,24.1424,0.7385
26,6,24.05,0.809
26,7,24.1601,0.7681
27,0,24.3243,0.751
27,1,24.4269,0.7603
27,2,24.392,0.7679
27,3,24.3717,0.7964
27,4,24.2852,0.7581
27,5,24.1323,0.7498
27,6,24.0396,0.8285
27,7,24.1469,0.7851
28,0,24.315,0.7672
28,1,24.4216,0.7763
28,2,24.3881,0.7781
28,3,24.37,0.8061
28,4,24.2825,0.7634
28,5,24.1316,0.7566
28,6,24.0426,0.8382
28,7,24.1425,0.7882
29,0,24.3194,0.7752
29,1,24.426,0.781
29,2,24.392,0.7818
29,3,24.3888,0.7613
29,4,24.2816,0.7696
29,5,24.1328,0.7589
29,6,24.0572,0.8004
29,7,24.1489,0.778
30,0,24.3246,0.7728
30,1,24.4314,0.7835
30,2,24.3909,0.7867
30,3,24.3891,0.7636
30,4,24.2776,0.7709
30,5,24.1294,0.7624
30,6,24.0584,0.8029
30,7,24.1471,0.7781
31,0,24.3227,0.7739
31,1,24.4244,0.7838
31,2,24.3813,0.7856
31,3,24.3827,0.7651
31,4,24.2722,0.7742
31,5,24.1248,0.7691
31,6,24.0489,0.8149
31,7,24.1329,0.7985
32,0,24.3126,0.8021
32,1,24.4158,0.8029
32,2,24.3687,0.7975
32,3,24.3728,0.7735
32,4,24.2646,0.7823
32,5,24.1172,0.777
32,6,24.0352,0.8247
32,7,24.1155,0.8118
33,0,24.2975,0.8309
33,1,24.3994,0.8371
33,2,24.3477,0.833
33,3,24.3499,0.8084
33,4,24.2402,0.8098
33,5,24.0918,0.8026
33,6,24.0071,0.8624
33,7,24.0828,0.8586
34,0,24.2657,0.8963
34,1,24.3626,0.9107
34,2,24.3087,0.912
34,3,24.3121,0.88
34,4,24.2097,0.8626
34,5,24.0588,0.8668
34,6,23.973,0.9118
34,7,24.0595,0.8937
35,0,24.2494,0.924
35,1,24.3527,0.9351
35,2,24.2969,0.9355
35,3,24.2953,0.8971
35,4,24.1935,0.8794
35,5,24.0368,0.8815
35,6,23.9522,0.9227
35,7,24.0423,0.9176
36,0,24.2347,0.9591
36,1,24.3338,0.9773
36,2,24.277,0.9742
36,3,24.2816,0.919
36,4,24.1873,0.8903
36,5,24.0308,0.8878
36,6,23.9436,0.9243
36,7,24.0358,0.9189
37,0,24.2291,0.959
37,1,24.333,0.9749
37,2,24.2662,0.9796
37,3,24.2609,0.9386
37,4,24.1629,0.9122
37,5,24.0039,0.918
37,6,23.9168,0.952
37,7,24.0168,0.9432
38,0,24.2092,0.9868
38,1,24.3209,0.9945
38,2,24.2517,1.0045
38,3,24.2476,0.9562
38,4,24.1508,0.9266
38,5,23.9913,0.9333
38,6,23.8983,0.9617
38,7,24.0067,0.9547
39,0,24.2075,0.995
39,1,24.3177,1.0023
39,2,24.2498,1.0085
39,3,24.2343,0.9791
39,4,24.1386,0.9526
39,5,23.972,0.962
39,6,23.8778,0.9949
39,7,23.9883,0.99
40,0,24.1853,1.0276
40,1,24.2931,1.0377
40,2,24.2291,1.0341
40,3,24.2088,1.0137
40,4,24.1081,0.9902
40,5,23.9473,0.9905
40,6,23.8582,1.0236
40,7,23.9687,1.0184
41,0,24.1739,1.0389
41,1,24.2952,1.0408
41,2,24.2268,1.0494
41,3,24.2001,1.0317
41,4,24.093,1.0189
41,5,23.9338,1.0187
41,6,23.8485,1.0504
41,7,23.9617,1.0342
42,0,24.1758,1.0439
42,1,24.2959,1.0431
42,2,24.2202,1.0617
42,3,24.1872,1.0454
42,4,24.0796,1.0357
42,5,23.9199,1.042
42,6,23.8348,1.0674
42,7,23.9422,1.0533
43,0,24.1579,1.0602
43,1,24.2799,1.0595
43,2,24.2011,1.0737
43,3,24.1604,1.0665
43,4,24.054,1.0594
43,5,23.8952,1.0658
43,6,23.8091,1.0857
43,7,23.9218,1.0666
44,0,24.1484,1.0701
44,1,24.2681,1.0768
44,2,24.1867,1.0891
44,3,24.1321,1.1005
44,4,24.0243,1.1078
44,5,23.8708,1.1035
44,6,23.7892,1.1193
44,7,23.8956,1.1018
45,0,24.1163,1.1078
45,1,24.2327,1.1151
45,2,24.151,1.1359
45,3,24.0939,1.154
45,4,23.9781,1.1775
45,5,23.8427,1.1344
45,6,23.7626,1.1406
45,7,23.8513,1.156
46,0,24.0775,1.155
46,1,24.1963,1.1553
46,2,24.1161,1.1642
46,3,24.0572,1.1824
46,4,23.9468,1.2025
46,5,23.8148,1.1522
46,6,23.7371,1.1555
46,7,23.8213,1.1754
47,0,24.055,1.1719
47,1,24.1745,1.174
47,2,24.0974,1.1835
47,3,24.0327,1.2
47,4,23.9174,1.2174
47,5,23.7862,1.1745
47,6,23.7058,1.1775
47,7,23.7984,1.1969
48,0,24.0308,1.1911
48,1,24.1516,1.1903
48,2,24.0776,1.1959
48,3,24.0109,1.2129
48,4,23.8837,1.2285
48,5,23.7601,1.185
48,6,23.6797,1.1838
48,7,23.7688,1.2007
49,0,24.0086,1.1925
49,1,24.1265,1.1982
49,2,24.056,1.1984
49,3,23.9912,1.2137
49,4,23.8584,1.2312
49,5,23.7365,1.1959
49,6,23.6531,1.195
49,7,23.7493,1.2089
50,0,23.9905,1.1977
50,1,24.1069,1.2015
50,2,24.0395,1.2025
50,3,23.9784,1.2166
50,4,23.8449,1.237
50,5,23.7163,1.2051
50,6,23.6369,1.2043
50,7,23.736,1.2156
51,0,23.9707,1.2064
51,1,24.0873,1.2111
51,2,24.0217,1.2124
51,3,23.9579,1.2272
51,4,23.8179,1.2446
51,5,23.6889,1.2134
51,6,23.6099,1.2119
51,7,23.7099,1.2229
52,0,23.9474,1.2208
52,1,24.0601,1.2332
52,2,23.9912,1.2396
52,3,23.9237,1.2591
52,4,23.7835,1.2739
52,5,23.6533,1.2386
52,6,23.5718,1.2379
52,7,23.6777,1.243
53,0,23.9215,1.2464
53,1,24.0303,1.2658
53,2,23.9578,1.2684
53,3,23.89,1.2821
53,4,23.7507,1.2899
53,5,23.6268,1.2469
53,6,23.5461,1.2432
53,7,23.6549,1.2431
54,0,23.9086,1.2448
54,1,24.0172,1.2686
54,2,23.9406,1.2752
54,3,23.8678,1.289
54,4,23.7308,1.2978
54,5,23.6079,1.2547
54,6,23.526,1.2497
54,7,23.641,1.2479
55,0,23.9006,1.2517
55,1,24.0065,1.2743
55,2,23.9303,1.2786
55,3,23.8607,1.2908
55,4,23.7182,1.2985
55,5,23.5931,1.2579
55,6,23.5184,1.2545
55,7,23.6322,1.2517
56,0,23.9001,1.2577
56,1,24.0075,1.2801
56,2,23.9349,1.283
56,3,23.8652,1.2897
56,4,23.7237,1.2911
56,5,23.5932,1.2553
56,6,23.5129,1.2518
56,7,23.6281,1.2516
57,0,23.8951,1.2618
57,1,23.9958,1.2837
57,2,23.9249,1.2887
57,3,23.8521,1.2915
57,4,23.7089,1.294
57,5,23.5767,1.258
57,6,23.5014,1.2572
57,7,23.6162,1.2592
58,0,23.8936,1.2737
58,1,23.996,1.2977
58,2,23.9226,1.2985
58,3,23.8449,1.296
58,4,23.7011,1.2983
58,5,23.571,1.2552
58,6,23.4986,1.2474
58,7,23.6172,1.2552
59,0,23.8981,1.2724
59,1,23.9958,1.2934
59,2,23.9182,1.2976
59,3,23.8392,1.2923
59,4,23.6921,1.2958
59,5,23.5606,1.2505
59,6,23.487,1.2396
59,7,23.6094,1.2483
60,0,23.8938,1.2685
60,1,23.987,1.2915
60,2,23.9089,1.2955
60,3,23.8306,1.2883
60,4,23.6812,1.293
60,5,23.5462,1.2451
60,6,23.4683,1.2327
60,7,23.5888,1.2451
61,0,23.875,1.2679
61,1,23.9655,1.2879
61,2,23.8962,1.2938
61,3,23.8116,1.2874
61,4,23.6664,1.2901
61,5,23.5297,1.24
61,6,23.4513,1.2276
61,7,23.5758,1.2417
62,0,23.8654,1.2649
62,1,23.9594,1.2856
62,2,23.8855,1.2918
62,3,23.8022,1.2857
62,4,23.6569,1.2871
62,5,23.5219,1.2351
62,6,23.4481,1.218
62,7,23.5799,1.232
63,0,23.8636,1.2494
63,1,23.9502,1.2741
63,2,23.8824,1.2843
63,3,23.7994,1.2804
63,4,23.6514,1.2794
63,5,23.5187,1.2268
63,6,23.4487,1.2097
63,7,23.5839,1.2234
64,0,23.8733,1.2359
64,1,23.9603,1.26
64,2,23.8908,1.2699
64,3,23.8057,1.2659
64,4,23.661,1.2705
64,5,23.5338,1.2229
64,6,23.4649,1.1972
64,7,23.6031,1.2027
65,0,23.8993,1.2044
65,1,23.9885,1.2257
65,2,23.9188,1.2343
65,3,23.8314,1.2353
65,4,23.6824,1.2518
65,5,23.5583,1.1935
65,6,23.4859,1.1789
65,7,23.6121,1.1924
66,0,23.9061,1.1972
66,1,23.9893,1.222
66,2,23.9215,1.2272
66,3,23.8274,1.2354
66,4,23.6799,1.2493
66,5,23.5611,1.1919
66,6,23.4909,1.1764
66,7,23.6153,1.1783
67,0,23.9147,1.1707
67,1,23.9981,1.1967
67,2,23.9243,1.2056
67,3,23.8246,1.2283
67,4,23.6721,1.2436
67,5,23.5523,1.1831
67,6,23.4826,1.1697
67,7,23.609,1.169
68,0,23.9114,1.1663
68,1,23.9825,1.1994
68,2,23.9132,1.2041
68,3,23.8245,1.2194
68,4,23.6747,1.2357
68,5,23.5526,1.1667
68,6,23.4863,1.1549
68,7,23.6096,1.1535
69,0,23.9221,1.1495
69,1,23.9887,1.1939
69,2,23.9157,1.197
69,3,23.8252,1.2237
69,4,23.6725,1.242
69,5,23.5478,1.1776
69,6,23.4834,1.1753
69,7,23.6095,1.1751
70,0,23.9255,1.1673
70,1,23.9898,1.2049
70,2,23.91,1.2005
70,3,23.8299,1.2119
70,4,23.6841,1.231
70,5,23.5589,1.1638
70,6,23.4899,1.1645
70,7,23.619,1.1607
71,0,23.9404,1.1539
71,1,24.0073,1.1866
71,2,23.9254,1.1851
71,3,23.8488,1.189
71,4,23.7062,1.2063
71,5,23.5725,1.1408
71,6,23.5075,1.1389
71,7,23.6393,1.1325
72,0,23.9588,1.134
72,1,24.019,1.1637
72,2,23.9345,1.1573
72,3,23.8651,1.1621
72,4,23.7247,1.1805
72,5,23.5902,1.1148
72,6,23.5238,1.104
72,7,23.6515,1.1036
73,0,23.9694,1.111
73,1,24.029,1.148
73,2,23.9466,1.1366
73,3,23.8767,1.1453
73,4,23.7373,1.1638
73,5,23.6038,1.0946
73,6,23.5417,1.0836
73,7,23.6728,1.0847
74,0,23.9863,1.0948
74,1,24.0497,1.1362
74,2,23.9666,1.1252
74,3,23.9025,1.1298
74,4,23.7626,1.1467
74,5,23.628,1.076
74,6,23.5656,1.0652
74,7,23.6912,1.0711
75,0,24.0068,1.0839
75,1,24.0708,1.1222
75,2,23.9859,1.1127
75,3,23.9244,1.1087
75,4,23.7909,1.1164
75,5,23.647,1.0591
75,6,23.5817,1.053
75,7,23.7072,1.0577
76,0,24.0259,1.069
76,1,24.0963,1.1055
76,2,24.0156,1.0847
76,3,23.9549,1.0717
76,4,23.8299,1.0594
76,5,23.6721,1.0357
76,6,23.6065,1.0367
76,7,23.7478,1.0105
77,0,24.0696,1.027
77,1,24.1365,1.0723
77,2,24.0512,1.0583
77,3,23.9876,1.0475
77,4,23.8566,1.0392
77,5,23.6939,1.0275
77,6,23.6272,1.024
77,7,23.7664,0.9934
78,0,24.0808,1.0152
78,1,24.1502,1.0654
78,2,24.0696,1.0456
78,3,24.0061,1.0357
78,4,23.8757,1.0258
78,5,23.7128,1.0046
78,6,23.6522,1.0052
78,7,23.79,0.9711
79,0,24.1028,0.9956
79,1,24.1681,1.0556
79,2,24.086,1.0366
79,3,24.0214,1.0255
79,4,23.8929,1.0166
79,5,23.7211,0.9959
79,6,23.6643,0.9991
79,7,23.8,0.9745
80,0,24.1068,1.0052
80,1,24.1773,1.0577
80,2,24.0932,1.0418
80,3,24.0257,1.033
80,4,23.8979,1.0186
80,5,23.7264,0.9875
80,6,23.677,0.9868
80,7,23.8096,0.9666
81,0,24.1179,1.0058
81,1,24.1895,1.065
81,2,24.1059,1.0466
81,3,24.0322,1.0361
81,4,23.9025,1.0163
81,5,23.7354,0.9834
81,6,23.687,0.9785
81,7,23.8219,0.9631
82,0,24.1383,1.0041
82,1,24.2092,1.0623
82,2,24.1185,1.0426
82,3,24.0437,1.0268
82,4,23.9172,1.0085
82,5,23.7473,0.9757
82,6,23.6898,0.9694
82,7,23.8362,0.9547
83,0,24.1541,0.9903
83,1,24.2272,1.0455
83,2,24.1372,1.0192
83,3,24.0621,1.0
83,4,23.9356,0.9823
83,5,23.7673,0.9519
83,6,23.7099,0.9417
83,7,23.856,0.9354
84,0,24.179,0.9667
84,1,24.2565,1.015
84,2,24.1673,0.9938
84,3,24.0884,0.9761
84,4,23.9584,0.9671
84,5,23.7871,0.9452
84,6,23.7303,0.9382
84,7,23.8729,0.9396
85,0,24.1946,0.9828
85,1,24.2781,1.0307
85,2,24.1901,1.003
85,3,24.1125,0.9789
85,4,23.9776,0.9656
85,5,23.8041,0.9454
85,6,23.7532,0.9375
85,7,23.8921,0.9431
86,0,24.213,0.986
86,1,24.3016,1.0358
86,2,24.2112,1.0106
86,3,24.1295,0.9869
86,4,23.9987,0.9725
86,5,23.826,0.9478
86,6,23.7704,0.9404
86,7,23.9041,0.9467
87,0,24.2254,0.9868
87,1,24.3145,1.0369
87,2,24.2217,1.0126
87,3,24.1402,0.9931
87,4,24.0083,0.9824
87,5,23.8351,0.9587
87,6,23.7813,0.9458
87,7,23.9173,0.953
88,0,24.243,0.9906
88,1,24.3354,1.0411
88,2,24.239,1.0112
88,3,24.1541,0.9951
88,4,24.0226,0.9819
88,5,23.8552,0.9565
88,6,23.7961,0.9416
88,7,23.9353,0.9486
89,0,24.2604,0.9835
89,1,24.3488,1.0319
89,2,24.2493,1.0036
89,3,24.168,0.9929
89,4,24.0337,0.976
89,5,23.8654,0.9542
89,6,23.8082,0.9427
89,7,23.9466,0.9471
90,0,24.2692,0.981
90,1,24.3618,1.0335
90,2,24.2616,1.0042
90,3,24.1777,0.9951
90,4,24.0429,0.9765
90,5,23.8742,0.9547
90,6,23.8184,0.9459
90,7,23.9569,0.9536
91,0,24.2769,0.9874
91,1,24.3716,1.043
91,2,24.2709,1.0104
91,3,24.1845,1.0013
91,4,24.051,0.9792
91,5,23.8803,0.9575
91,6,23.8271,0.9505
91,7,23.9733,0.9569
92,0,24.2966,0.9928
92,1,24.3935,1.0493
92,2,24.2877,1.0175
92,3,24.2037,0.9999
92,4,24.0667,0.9807
92,5,23.8943,0.9625
92,6,23.8432,0.9506
92,7,23.9908,0.9592
93,0,24.3182,0.9958
93,1,24.414,1.0539
93,2,24.3091,1.0206
93,3,24.2187,1.0015
93,4,24.0812,0.9818
93,5,23.9042,0.9617
93,6,23.8505,0.9498
93,7,24.0062,0.9586
94,0,24.3433,0.9965
94,1,24.4403,1.0527
94,2,24.3263,1.0202
94,3,24.2333,1.0017
94,4,24.0946,0.9811
94,5,23.9121,0.9611
94,6,23.8588,0.9509
94,7,24.0178,0.9593
95,0,24.3602,0.9947
95,1,24.4595,1.0476
95,2,24.3494,1.0167
95,3,24.2465,0.9952
95,4,24.1048,0.9753
95,5,23.9187,0.9532
95,6,23.8709,0.9465
95,7,24.032,0.9552
96,0,24.3751,0.9917
96,1,24.4729,1.0401
96,2,24.3619,1.0086
96,3,24.2642,0.9915
96,4,24.1154,0.9689
96,5,23.9254,0.9584
96,6,23.8811,0.9422
96,7,24.0527,0.9485
97,0,24.398,0.9863
97,1,24.4996,1.0317
97,2,24.385,1.0007
97,3,24.2942,0.9766
97,4,24.1432,0.9536
97,5,23.9503,0.9481
97,6,23.9016,0.9336
97,7,24.0756,0.9438
98,0,24.4269,0.9874
98,1,24.5347,1.0298
98,2,24.4222,0.9926
98,3,24.3303,0.9693
98,4,24.1783,0.948
98,5,23.9799,0.9428
98,6,23.9307,0.9264
98,7,24.1027,0.9455
99,0,24.4595,0.9842
99,1,24.5785,1.0174
99,2,24.4625,0.9804
99,3,24.3648,0.9615
99,4,24.2097,0.9353
99,5,24.007,0.9292
99,6,23.9536,0.9121
99,7,24.1294,0.9349
100,0,24.4904,0.977
100,1,24.6121,1.0053
100,2,24.5003,0.9628
100,3,24.3973,0.9364
100,4,24.2408,0.9046
100,5,24.0401,0.897
100,6,23.9882,0.8719
100,7,24.1614,0.8856
101,0,24.5247,0.9396
101,1,24.6482,0.9769
101,2,24.5403,0.9385
101,3,24.433,0.9221
101,4,24.2725,0.8929
101,5,24.0724,0.8869
101,6,24.0261,0.8457
101,7,24.2047,0.8632
102,0,24.573,0.9073
102,1,24.6986,0.9505
102,2,24.5842,0.9178
102,3,24.4707,0.9062
102,4,24.3055,0.8803
102,5,24.1062,0.8781
102,6,24.059,0.839
102,7,24.2374,0.8554
103,0,24.611,0.9039
103,1,24.7399,0.9526
103,2,24.6276,0.9144
103,3,24.5058,0.9026
103,4,24.3401,0.8727
103,5,24.1392,0.8734
103,6,24.094,0.8324
103,7,24.2715,0.8451
104,0,24.6399,0.8948
104,1,24.7644,0.943
104,2,24.6524,0.902
104,3,24.5303,0.891
104,4,24.3628,0.8552
104,5,24.159,0.8611
104,6,24.1105,0.8253
104,7,24.2798,0.8338
105,0,24.6532,0.8824
105,1,24.7815,0.9268
105,2,24.6671,0.8875
105,3,24.5423,0.8816
105,4,24.3749,0.8482
105,5,24.1636,0.8583
105,6,24.1124,0.8303
105,7,24.2802,0.8497
106,0,24.6572,0.8953
106,1,24.7799,0.9546
106,2,24.6701,0.9029
106,3,24.5451,0.9033
106,4,24.3721,0.8734
106,5,24.1739,0.8525
106,6,24.1238,0.817
106,7,24.2931,0.8276
107,0,24.6808,0.8698
107,1,24.8018,0.9357
107,2,24.6867,0.9031
107,3,24.5581,0.9127
107,4,24.3802,0.8921
107,5,24.1766,0.868
107,6,24.1282,0.8378
107,7,24.2989,0.8514
108,0,24.6821,0.9
108,1,24.8068,0.97
108,2,24.6902,0.939
108,3,24.5612,0.948
108,4,24.3807,0.9188
108,5,24.1816,0.883
108,6,24.1372,0.8552
108,7,24.3245,0.8638
109,0,24.7049,0.9015
109,1,24.8247,0.973
109,2,24.7104,0.9399
109,3,24.5789,0.9573
109,4,24.3967,0.9232
109,5,24.2008,0.8862
109,6,24.1508,0.8569
109,7,24.3384,0.8633
110,0,24.7296,0.8993
110,1,24.8488,0.9661
110,2,24.7329,0.9385
110,3,24.6011,0.9596
110,4,24.4236,0.9186
110,5,24.2317,0.8766
110,6,24.1801,0.8541
110,7,24.3701,0.8431
111,0,24.765,0.8717
111,1,24.8801,0.9457
111,2,24.7583,0.9204
111,3,24.628,0.9428
111,4,24.4529,0.9057
111,5,24.2569,0.865
111,6,24.2069,0.85
111,7,24.3952,0.84
112,0,24.7935,0.864
112,1,24.9154,0.9351
112,2,24.7878,0.9146
112,3,24.6618,0.9359
112,4,24.4915,0.9006
112,5,24.2947,0.8595
112,6,24.2374,0.8474
112,7,24.4236,0.8382
113,0,24.8278,0.8623
113,1,24.9483,0.9332
113,2,24.8273,0.9129
113,3,24.7027,0.9382
113,4,24.531,0.9043
113,5,24.3392,0.8618
113,6,24.2884,0.8477
113,7,24.4629,0.8396
114,0,24.8706,0.8618
114,1,24.9917,0.9299
114,2,24.8684,0.9066
114,3,24.742,0.9245
114,4,24.5683,0.8928
114,5,24.3732,0.8578
114,6,24.3231,0.8407
114,7,24.4914,0.8398
115,0,24.8875,0.8645
115,1,25.0118,0.9366
115,2,24.8882,0.9091
115,3,24.7595,0.93
115,4,24.5875,0.8961
115,5,24.3897,0.8626
115,6,24.3461,0.8429
115,7,24.514,0.8321
116,0,24.9111,0.8485
116,1,25.0359,0.9245
116,2,24.91,0.9024
116,3,24.7844,0.9243
116,4,24.6129,0.8964
116,5,24.4211,0.866
116,6,24.3719,0.8502
116,7,24.5361,0.8337
117,0,24.9339,0.8517
117,1,25.0596,0.9227
117,2,24.9311,0.9013
117,3,24.8057,0.9274
117,4,24.6369,0.9025
117,5,24.4454,0.8707
117,6,24.3992,0.8583
117,7,24.5602,0.8363
118,0,24.9608,0.8628
118,1,25.0897,0.9265
118,2,24.9641,0.9076
118,3,24.8358,0.9353
118,4,24.663,0.9079
118,5,24.4736,0.875
118,6,24.4352,0.8682
118,7,24.5904,0.8438
119,0,24.988,0.876
119,1,25.1179,0.9355
119,2,24.9923,0.9134
119,3,24.8667,0.9323
119,4,24.6919,0.9108
119,5,24.4941,0.8876
119,6,24.4585,0.873
119,7,24.6187,0.8501
120,0,25.009,0.8827
120,1,25.1363,0.9434
120,2,25.0107,0.9182
120,3,24.8863,0.9444
120,4,24.7122,0.9207
120,5,24.5107,0.8936
120,6,24.4739,0.8804
120,7,24.6408,0.8487
121,0,25.0388,0.8794
121,1,25.1672,0.9412
121,2,25.0398,0.9157
121,3,24.9178,0.9437
121,4,24.7396,0.9203
121,5,24.5296,0.8904
121,6,24.4973,0.8791
121,7,24.6605,0.8426
122,0,25.057,0.8691
122,1,25.189,0.9243
122,2,25.0619,0.9056
122,3,24.9379,0.9314
122,4,24.7616,0.9103
122,5,24.5568,0.886
122,6,24.5238,0.8698
122,7,24.6807,0.8369
123,0,25.0761,0.8658
123,1,25.2153,0.9177
123,2,25.089,0.899
123,3,24.9611,0.9328
123,4,24.7837,0.9138
123,5,24.5859,0.8835
123,6,24.5584,0.877
123,7,24.7035,0.8452
124,0,25.1,0.8696
124,1,25.2431,0.9215
124,2,25.1165,0.9025
124,3,24.989,0.9333
124,4,24.8106,0.9169
124,5,24.6181,0.8936
124,6,24.5973,0.885
124,7,24.7291,0.8523
125,0,25.1238,0.8743
125,1,25.272,0.9296
125,2,25.1459,0.9107
125,3,25.0153,0.9452
125,4,24.8351,0.9254
125,5,24.6515,0.9038
125,6,24.6315,0.9032
125,7,24.7593,0.8724
126,0,25.1501,0.8948
126,1,25.3011,0.9476
126,2,25.1667,0.9253
126,3,25.0478,0.9597
126,4,24.8636,0.9373
126,5,24.6804,0.9089
126,6,24.6575,0.9144
126,7,24.791,0.8929
127,0,25.178,0.905
127,1,25.3278,0.9619
127,2,25.1934,0.9439
127,3,25.0659,0.9718
127,4,24.8825,0.9457
127,5,24.7082,0.9091
127,6,24.6828,0.9177
127,7,24.8092,0.8971
128,0,25.1971,0.9095
128,1,25.35,0.9701
128,2,25.2139,0.9529
128,3,25.0831,0.9819
128,4,24.901,0.9647
128,5,24.7278,0.9236
128,6,24.7135,0.9288
128,7,24.8414,0.9116
129,0,25.2236,0.9229
129,1,25.3803,0.9812
129,2,25.2425,0.967
129,3,25.1078,0.9952
129,4,24.9154,0.9757
129,5,24.7499,0.9354
129,6,24.7397,0.9372
129,7,24.866,0.9203
130,0,25.247,0.9324
130,1,25.4056,0.9911
130,2,25.2594,0.9718
130,3,25.127,1.0014
130,4,24.9334,0.982
130,5,24.7708,0.9338
130,6,24.7645,0.937
130,7,24.8853,0.9215
131,0,25.2579,0.9312
131,1,25.4139,0.9887
131,2,25.2645,0.9742
131,3,25.1392,1.0054
131,4,24.9493,0.9817
131,5,24.7859,0.9312
131,6,24.7762,0.9344
131,7,24.9033,0.9216
132,0,25.2689,0.9335
132,1,25.4284,0.9898
132,2,25.2802,0.9799
132,3,25.1496,1.0118
132,4,24.9623,0.986
132,5,24.8013,0.9327
132,6,24.7915,0.9379
132,7,24.916,0.9268
133,0,25.2776,0.9367
133,1,25.4314,0.9959
133,2,25.2851,0.9881
133,3,25.1586,1.0196
133,4,24.9729,0.9944
133,5,24.8114,0.9407
133,6,24.8038,0.9465
133,7,24.9281,0.9296
134,0,25.2874,0.9382
134,1,25.4417,0.9981
134,2,25.2936,0.998
134,3,25.173,1.0298
134,4,24.9882,1.004
134,5,24.8258,0.9507
134,6,24.8236,0.9562
134,7,24.9494,0.9379
135,0,25.3158,0.9437
135,1,25.4744,1.001
135,2,25.3206,1.0021
135,3,25.2011,1.0363
135,4,25.0201,1.0115
135,5,24.8561,0.9538
135,6,24.8563,0.9575
135,7,24.9845,0.9349
136,0,25.3544,0.9385
136,1,25.5088,0.9983
136,2,25.3572,1.0003
136,3,25.2372,1.0285
136,4,25.0511,1.0103
136,5,24.8981,0.9491
136,6,24.9023,0.9417
136,7,25.0322,0.9054
137,0,25.3912,0.9222
137,1,25.5628,0.9554
137,2,25.4086,0.9666
137,3,25.2805,0.9969
137,4,25.0987,0.9823
137,5,24.9349,0.9524
137,6,24.935,0.949
137,7,25.065,0.9273
138,0,25.4176,0.9409
138,1,25.5935,0.9677
138,2,25.4409,0.965
138,3,25.3153,0.9815
138,4,25.1322,0.9631
138,5,24.972,0.9383
138,6,24.9754,0.9356
138,7,25.0982,0.9032
139,0,25.4587,0.9073
139,1,25.6357,0.9339
139,2,25.4846,0.9292
139,3,25.3615,0.9452
139,4,25.1717,0.9372
139,5,25.0136,0.917
139,6,25.019,0.9263
139,7,25.1308,0.8956
140,0,25.4997,0.8957
140,1,25.6777,0.9124
140,2,25.5256,0.9222
140,3,25.3986,0.9359
140,4,25.2115,0.9358
140,5,25.0511,0.9219
140,6,25.0595,0.927
140,7,25.1675,0.9046
141,0,25.5316,0.8968
141,1,25.7117,0.9153
141,2,25.5605,0.9259
141,3,25.4282,0.93
141,4,25.2426,0.9309
141,5,25.0816,0.9241
141,6,25.0893,0.9331
141,7,25.196,0.9037
142,0,25.5595,0.8888
142,1,25.7405,0.9085
142,2,25.593,0.9202
142,3,25.4582,0.9207
142,4,25.2733,0.9216
142,5,25.1185,0.9198
142,6,25.1222,0.9302
142,7,25.2236,0.9012
143,0,25.5873,0.8885
143,1,25.7688,0.9115
143,2,25.6208,0.9268
143,3,25.4805,0.923
143,4,25.2947,0.9258
143,5,25.1377,0.9252
143,6,25.1487,0.9392
143,7,25.2475,0.9087
144,0,25.6053,0.8953
144,1,25.7951,0.9189
144,2,25.6408,0.9369
144,3,25.4979,0.9297
144,4,25.3065,0.93
144,5,25.1499,0.9317
144,6,25.1699,0.9478
144,7,25.2661,0.9149
145,0,25.6194,0.8993
145,1,25.8123,0.9235
145,2,25.6631,0.9432
145,3,25.5231,0.9382
145,4,25.3274,0.9365
145,5,25.1696,0.9382
145,6,25.19,0.9493
145,7,25.2887,0.9045
146,0,25.6475,0.8846
146,1,25.8409,0.9077
146,2,25.6907,0.9291
146,3,25.5545,0.9234
146,4,25.3541,0.9199
146,5,25.1994,0.9196
146,6,25.2219,0.9385
146,7,25.318,0.8933
147,0,25.6733,0.8743
147,1,25.8641,0.8942
147,2,25.7093,0.9195
147,3,25.5735,0.9161
147,4,25.3743,0.9085
147,5,25.2181,0.9086
147,6,25.2412,0.9256
147,7,25.3459,0.8767
148,0,25.7032,0.8598
148,1,25.8932,0.8865
148,2,25.7371,0.9054
148,3,25.6024,0.9015
148,4,25.3927,0.8963
148,5,25.2349,0.8987
148,6,25.2568,0.918
148,7,25.3735,0.8655
149,0,25.7321,0.845
149,1,25.9237,0.8831
149,2,25.7583,0.9046
149,3,25.6215,0.8976
149,4,25.4151,0.8913
149,5,25.2563,0.8978
149,6,25.2743,0.915
149,7,25.3908,0.8606
150,0,25.7489,0.8364
150,1,25.9398,0.8809
150,2,25.7746,0.9032
150,3,25.6342,0.8985
150,4,25.4299,0.8873
150,5,25.2718,0.8897
150,6,25.2903,0.9089
150,7,25.4052,0.8558
151,0,25.7697,0.8349
151,1,25.97,0.8748
151,2,25.8015,0.8963
151,3,25.6507,0.8924
151,4,25.4503,0.8833
151,5,25.2963,0.8845
151,6,25.3188,0.9007
151,7,25.4311,0.8542
152,0,25.7943,0.8467
152,1,25.9937,0.8831
152,2,25.8253,0.9018
152,3,25.6661,0.9019
152,4,25.4676,0.886
152,5,25.3225,0.8899
152,6,25.3443,0.9023
152,7,25.4593,0.8553
153,0,25.8207,0.8412
153,1,26.019,0.8793
153,2,25.8514,0.9
153,3,25.6924,0.9007
153,4,25.4944,0.8807
153,5,25.3433,0.8901
153,6,25.3694,0.8945
153,7,25.4857,0.8508
154,0,25.8466,0.8311
154,1,26.0373,0.8751
154,2,25.8707,0.898
154,3,25.7079,0.895
154,4,25.5102,0.8731
154,5,25.3559,0.8866
154,6,25.384,0.8921
154,7,25.5063,0.8448
155,0,25.8702,0.8269
155,1,26.0579,0.8729
155,2,25.8932,0.8942
155,3,25.7311,0.8936
155,4,25.5246,0.8707
155,5,25.3687,0.8842
155,6,25.3991,0.8902
155,7,25.5304,0.8451
156,0,25.8939,0.8283
156,1,26.0842,0.8675
156,2,25.9207,0.8856
156,3,25.7578,0.8859
156,4,25.5481,0.861
156,5,25.3865,0.8759
156,6,25.4221,0.8738
156,7,25.5547,0.8354
157,0,25.9167,0.8164
157,1,26.1072,0.8657
157,2,25.9462,0.8822
157,3,25.7803,0.8824
157,4,25.572,0.861
157,5,25.414,0.8763
157,6,25.4441,0.8686
157,7,25.5742,0.8279
158,0,25.9399,0.8127
158,1,26.1352,0.8533
158,2,25.9699,0.8703
158,3,25.8083,0.8813
158,4,25.6026,0.8667
158,5,25.4373,0.8711
158,6,25.4737,0.8692
158,7,25.6037,0.8253
159,0,25.9636,0.8096
159,1,26.1581,0.8438
159,2,25.9977,0.8574
159,3,25.8333,0.8694
159,4,25.6253,0.8487
159,5,25.4546,0.8565
159,6,25.4918,0.8621
159,7,25.6205,0.8191
160,0,25.9759,0.8021
160,1,26.1703,0.8421
160,2,26.0086,0.8563
160,3,25.8413,0.8707
160,4,25.6418,0.8456
160,5,25.4675,0.8595
160,6,25.5082,0.8662
160,7,25.6421,0.8145
161,0,26.0009,0.79
161,1,26.1934,0.8326
161,2,26.0421,0.846
161,3,25.8642,0.8685
161,4,25.664,0.8445
161,5,25.4925,0.8574
161,6,25.536,0.8584
161,7,25.6699,0.8069
162,0,26.0302,0.7796
162,1,26.229,0.8213
162,2,26.0755,0.8298
162,3,25.8881,0.8557
162,4,25.6901,0.8397
162,5,25.5216,0.857
162,6,25.5607,0.853
162,7,25.6939,0.8061
163,0,26.0627,0.7724
163,1,26.2578,0.8187
163,2,26.0998,0.8305
163,3,25.913,0.8575
163,4,25.7121,0.8464
163,5,25.5381,0.8681
163,6,25.5836,0.8619
163,7,25.7153,0.813
164,0,26.0951,0.7781
164,1,26.2929,0.8183
164,2,26.1284,0.8313
164,3,25.9388,0.8661
164,4,25.7331,0.8522
164,5,25.5662,0.8698
164,6,25.61,0.867
164,7,25.7407,0.8205
165,0,26.115,0.7879
165,1,26.3117,0.8293
165,2,26.1451,0.8372
165,3,25.9524,0.8736
165,4,25.7424,0.8635
165,5,25.579,0.8716
165,6,25.6143,0.8789
165,7,25.7436,0.8282
166,0,26.1244,0.7949
166,1,26.3264,0.8401
166,2,26.1632,0.8412
166,3,25.9686,0.8843
166,4,25.759,0.8694
166,5,25.5947,0.8769
166,6,25.6262,0.8818
166,7,25.7579,0.8331
167,0,26.1451,0.7952
167,1,26.352,0.8434
167,2,26.1867,0.8453
167,3,25.9896,0.8913
167,4,25.7857,0.864
167,5,25.6097,0.8781
167,6,25.648,0.8764
167,7,25.7853,0.8183
168,0,26.1716,0.7743
168,1,26.3797,0.8322
168,2,26.2174,0.8339
168,3,26.0243,0.8588
168,4,25.8189,0.8298
168,5,25.6472,0.8314
168,6,25.6844,0.8221
168,7,25.8153,0.7554
169,0,26.2057,0.7116
169,1,26.4182,0.7776
169,2,26.2536,0.7851
169,3,26.0565,0.8211
169,4,25.8494,0.8008
169,5,25.6753,0.8054
169,6,25.7099,0.7952
169,7,25.8416,0.7422
170,0,26.228,0.707
170,1,26.4419,0.7765
170,2,26.2779,0.7798
170,3,26.0795,0.8213
170,4,25.8815,0.7895
170,5,25.7013,0.8007
170,6,25.7333,0.7827
170,7,25.8621,0.7282
171,0,26.2466,0.6975
171,1,26.4671,0.7652
171,2,26.2964,0.774
171,3,26.1029,0.8169
171,4,25.9034,0.7879
171,5,25.7168,0.7882
171,6,25.7438,0.7744
171,7,25.8761,0.7177
172,0,26.2693,0.6905
172,1,26.4914,0.7513
172,2,26.3201,0.7689
172,3,26.1343,0.817
172,4,25.9271,0.7916
172,5,25.7443,0.7851
172,6,25.7651,0.7733
172,7,25.8978,0.7136
173,0,26.284,0.6889
173,1,26.5098,0.7485
173,2,26.3348,0.7716
173,3,26.15,0.8223
173,4,25.9454,0.797
173,5,25.7554,0.7843
173,6,25.7813,0.7788
173,7,25.9161,0.7184
174,0,26.3006,0.6912
174,1,26.5209,0.7527
174,2,26.3471,0.7742
174,3,26.164,0.8294
174,4,25.9547,0.7997
174,5,25.7669,0.7903
174,6,25.7917,0.7781
174,7,25.9297,0.7193
175,0,26.3097,0.6929
175,1,26.526,0.7498
175,2,26.3514,0.7735
175,3,26.1702,0.8344
175,4,25.9678,0.8086
175,5,25.777,0.7972
175,6,25.7906,0.7775
175,7,25.9342,0.7202
176,0,26.3224,0.6921
176,1,26.5363,0.7449
176,2,26.3551,0.7722
176,3,26.171,0.827
176,4,25.9756,0.8071
176,5,25.7846,0.7962
176,6,25.8022,0.7796
176,7,25.9525,0.7259
177,0,26.3395,0.6947
177,1,26.5597,0.7569
177,2,26.3776,0.7786
177,3,26.1847,0.8283
177,4,26.001,0.813
177,5,25.8072,0.8026
177,6,25.8208,0.7903
177,7,25.977,0.7424
178,0,26.3643,0.7126
178,1,26.5897,0.7783
178,2,26.4109,0.7917
178,3,26.2116,0.8364
178,4,26.0307,0.8216
178,5,25.8267,0.8101
178,6,25.8449,0.7988
178,7,25.9973,0.7496
179,0,26.3771,0.7142
179,1,26.5996,0.7923
179,2,26.4224,0.8097
179,3,26.2129,0.87
179,4,26.0371,0.8432
179,5,25.8372,0.8311
179,6,25.854,0.8158
179,7,26.0038,0.7657
180,0,26.3815,0.7318
180,1,26.6037,0.8117
180,2,26.4339,0.8245
180,3,26.227,0.8821
180,4,26.0464,0.8573
180,5,25.8523,0.8517
180,6,25.8632,0.834
180,7,26.0134,0.7785
181,0,26.3888,0.7454
181,1,26.6152,0.8294
181,2,26.4495,0.8405
181,3,26.2407,0.8982
181,4,26.0622,0.8751
181,5,25.8668,0.8758
181,6,25.8727,0.8723
181,7,26.0127,0.8327
182,0,26.3891,0.7916
182,1,26.6141,0.8597
182,2,26.4505,0.8692
182,3,26.241,0.9283
182,4,26.0546,0.9135
182,5,25.8746,0.876
182,6,25.8716,0.889
182,7,26.0203,0.8453
183,0,26.3901,0.8078
183,1,26.6143,0.8737
183,2,26.4521,0.8819
183,3,26.2401,0.9381
183,4,26.0546,0.9209
183,5,25.8775,0.8793
183,6,25.8746,0.8924
183,7,26.0256,0.8507
184,0,26.4031,0.8136
184,1,26.6276,0.8742
184,2,26.4535,0.8828
184,3,26.2446,0.9401
184,4,26.0624,0.9266
184,5,25.8889,0.8845
184,6,25.8901,0.897
184,7,26.0299,0.8566
185,0,26.4106,0.813
185,1,26.6386,0.8736
185,2,26.4602,0.8855
185,3,26.2572,0.9427
185,4,26.072,0.932
185,5,25.8943,0.8946
185,6,25.9019,0.9038
185,7,26.039,0.8634
186,0,26.4197,0.8241
186,1,26.6498,0.8796
186,2,26.4713,0.8962
186,3,26.2672,0.9492
186,4,26.0869,0.9466
186,5,25.9058,0.9022
186,6,25.9114,0.9149
186,7,26.0431,0.8767
187,0,26.4256,0.8301
187,1,26.6527,0.8859
187,2,26.4792,0.9006
187,3,26.2705,0.9525
187,4,26.0884,0.9531
187,5,25.9051,0.9123
187,6,25.9159,0.9237
187,7,26.0462,0.8766
188,0,26.4291,0.8271
188,1,26.651,0.8865
188,2,26.4755,0.902
188,3,26.2691,0.9524
188,4,26.0818,0.9515
188,5,25.8959,0.9127
188,6,25.9139,0.9244
188,7,26.0384,0.8782
189,0,26.42,0.8291
189,1,26.6386,0.8902
189,2,26.464,0.9059
189,3,26.2558,0.9535
189,4,26.0674,0.9518
189,5,25.8884,0.9145
189,6,25.9053,0.9207
189,7,26.0326,0.8813
190,0,26.4137,0.8378
190,1,26.6393,0.906
190,2,26.4592,0.9182
190,3,26.2456,0.9725
190,4,26.0515,0.9839
190,5,25.878,0.9542
190,6,25.9032,0.9254
190,7,26.0329,0.885
191,0,26.4113,0.8441
191,1,26.6343,0.9105
191,2,26.4602,0.9197
191,3,26.2403,0.9869
191,4,26.0398,1.0065
191,5,25.8681,0.973
191,6,25.8928,0.9329
191,7,26.031,0.8852
192,0,26.4098,0.8471
192,1,26.6481,0.9255
192,2,26.46,0.9177
192,3,26.2362,0.9882
192,4,26.0362,1.0102
192,5,25.8744,0.9703
192,6,25.8882,0.9358
192,7,26.0487,0.9016
193,0,26.4179,0.8464
193,1,26.665,0.9368
193,2,26.4721,0.9197
193,3,26.2483,0.9938
193,4,26.0497,1.0163
193,5,25.8857,0.9723
193,6,25.9003,0.9373
193,7,26.0587,0.9008
194,0,26.438,0.8732
194,1,26.6738,0.941
194,2,26.4873,0.9217
194,3,26.257,0.9985
194,4,26.0545,1.0368
194,5,25.8868,1.0096
194,6,25.896,0.9656
194,7,26.072,0.8976
195,0,26.4414,0.8722
195,1,26.6785,0.9354
195,2,26.4917,0.9127
195,3,26.2629,0.9868
195,4,26.0639,1.0261
195,5,25.8935,0.9994
195,6,25.9009,0.9527
195,7,26.0738,0.8826
196,0,26.45,0.8578
196,1,26.6904,0.9226
196,2,26.5073,0.8967
196,3,26.2786,0.9705
196,4,26.0846,1.0091
196,5,25.9147,0.9887
196,6,25.9157,0.9342
196,7,26.0945,0.8672
197,0,26.4598,0.8487
197,1,26.7032,0.9168
197,2,26.5198,0.8906
197,3,26.2912,0.9631
197,4,26.0955,1.0074
197,5,25.9237,0.9855
197,6,25.9233,0.9326
197,7,26.1,0.8647
198,0,26.4552,0.8507
198,1,26.6935,0.9213
198,2,26.5129,0.8929
198,3,26.2856,0.9643
198,4,26.0898,1.0166
198,5,25.927,0.9879
198,6,25.9164,0.9426
198,7,26.0996,0.8757
199,0,26.4459,0.8699
199,1,26.6826,0.9345
199,2,26.5039,0.9056
199,3,26.283,0.9759
199,4,26.0896,1.0228
199,5,25.926,0.9933
199,6,25.9226,0.9485
199,7,26.1086,0.8848
200,0,26.4523,0.8764
200,1,26.689,0.9392
200,2,26.5108,0.9101
200,3,26.2908,0.9783
200,4,26.1026,1.0216
200,5,25.9395,0.9937
200,6,25.9317,0.944
200,7,26.1224,0.8781
201,0,26.4648,0.8728
201,1,26.6987,0.9315
201,2,26.5173,0.9053
201,3,26.2971,0.9727
201,4,26.1122,1.0167
201,5,25.9521,0.9892
201,6,25.9413,0.9394
201,7,26.1346,0.8796
202,0,26.4706,0.8741
202,1,26.7029,0.933
202,2,26.5228,0.9012
202,3,26.2985,0.9699
202,4,26.1151,1.0128
202,5,25.9637,0.9886
202,6,25.9535,0.9376
202,7,26.1461,0.8808
203,0,26.4802,0.8754
203,1,26.7127,0.9293
203,2,26.5271,0.8943
203,3,26.297,0.9648
203,4,26.1199,1.0071
203,5,25.9702,0.9849
203,6,25.9585,0.9296
203,7,26.1554,0.8776
204,0,26.4938,0.8714
204,1,26.7231,0.9241
204,2,26.5403,0.8867
204,3,26.3024,0.974
204,4,26.1208,1.0276
204,5,25.9734,1.0118
204,6,25.9571,0.9614
204,7,26.1565,0.9124
205,0,26.4942,0.8953
205,1,26.7332,0.9311
205,2,26.5496,0.8939
205,3,26.315,0.9758
205,4,26.1371,1.0295
205,5,25.9918,1.0112
205,6,25.9761,0.963
205,7,26.1708,0.912
206,0,26.5133,0.8968
206,1,26.7547,0.9321
206,2,26.5775,0.894
206,3,26.3403,0.9766
206,4,26.1563,1.0294
206,5,26.0123,1.012
206,6,25.9971,0.9672
206,7,26.1875,0.9135
207,0,26.528,0.8985
207,1,26.772,0.9376
207,2,26.5967,0.8925
207,3,26.3598,0.9773
207,4,26.1778,1.0312
207,5,26.0354,1.0108
207,6,26.0186,0.9681
207,7,26.2034,0.9127
208,0,26.5466,0.9024
208,1,26.7836,0.9359
208,2,26.6093,0.8934
208,3,26.3756,0.9766
208,4,26.1876,1.0272
208,5,26.0477,1.0078
208,6,26.031,0.9658
208,7,26.212,0.9059
209,0,26.5594,0.9011
209,1,26.7956,0.9298
209,2,26.6224,0.8892
209,3,26.3918,0.9776
209,4,26.2033,1.0335
209,5,26.0637,1.007
209,6,26.0416,0.9665
209,7,26.2271,0.9096
210,0,26.5734,0.9
210,1,26.8094,0.9193
210,2,26.6373,0.8789
210,3,26.4133,0.9636
210,4,26.2242,1.0257
210,5,26.0827,1.0015
210,6,26.0569,0.9589
210,7,26.2407,0.9082
211,0,26.5823,0.8937
211,1,26.8137,0.9136
211,2,26.6412,0.8708
211,3,26.4123,0.9633
211,4,26.2267,1.0235
211,5,26.0779,0.9941
211,6,26.0587,0.9559
211,7,26.2503,0.9057
212,0,26.5889,0.8923
212,1,26.8162,0.9064
212,2,26.6407,0.8619
212,3,26.4198,0.9491
212,4,26.231,1.0105
212,5,26.0861,0.9743
212,6,26.0716,0.927
212,7,26.2794,0.8576
213,0,26.6114,0.8494
213,1,26.837,0.8785
213,2,26.6645,0.8298
213,3,26.4494,0.9071
213,4,26.2647,0.9716
213,5,26.1064,0.9711
213,6,26.0968,0.9076
213,7,26.2931,0.8463
214,0,26.6312,0.8297
214,1,26.861,0.8618
214,2,26.6902,0.8179
214,3,26.4802,0.8941
214,4,26.2922,0.9614
214,5,26.1265,0.9633
214,6,26.1208,0.9033
214,7,26.3141,0.8428
215,0,26.6534,0.8268
215,1,26.8892,0.8636
215,2,26.7268,0.8198
215,3,26.513,0.8969
215,4,26.3138,0.9574
215,5,26.146,0.9607
215,6,26.1434,0.9061
215,7,26.345,0.8372
216,0,26.6774,0.8227
216,1,26.9167,0.8627
216,2,26.7586,0.8155
216,3,26.5437,0.8944
216,4,26.3468,0.9544
216,5,26.1771,0.9538
216,6,26.1682,0.9031
216,7,26.3697,0.8312
217,0,26.6921,0.8129
217,1,26.93,0.857
217,2,26.7749,0.8043
217,3,26.5605,0.8871
217,4,26.3607,0.9377
217,5,26.1989,0.9471
217,6,26.1877,0.8901
217,7,26.3896,0.8157
218,0,26.7124,0.8083
218,1,26.9481,0.8525
218,2,26.7875,0.8068
218,3,26.5769,0.8853
218,4,26.3845,0.9356
218,5,26.2244,0.9402
218,6,26.2035,0.8887
218,7,26.4051,0.8127
219,0,26.7322,0.809
219,1,26.9735,0.8469
219,2,26.8197,0.8043
219,3,26.6057,0.8953
219,4,26.4173,0.9393
219,5,26.2581,0.9422
219,6,26.2367,0.8908
219,7,26.4372,0.8056
220,0,26.7627,0.8007
220,1,27.0011,0.836
220,2,26.8479,0.7906
220,3,26.6375,0.8856
220,4,26.4505,0.9297
220,5,26.2795,0.9397
220,6,26.2524,0.8982
220,7,26.4502,0.8035
221,0,26.7711,0.7889
221,1,27.0022,0.8237
221,2,26.8563,0.774
221,3,26.662,0.8541
221,4,26.4844,0.8837
221,5,26.3085,0.8886
221,6,26.2699,0.8959
221,7,26.4612,0.7985
222,0,26.7759,0.7861
222,1,27.0151,0.8142
222,2,26.8698,0.7663
222,3,26.6881,0.819
222,4,26.51,0.8473
222,5,26.3365,0.8499
222,6,26.3039,0.8753
222,7,26.485,0.7921
223,0,26.7991,0.7854
223,1,27.0244,0.7975
223,2,26.8923,0.7642
223,3,26.7216,0.8018
223,4,26.5435,0.8241
223,5,26.3586,0.8465
223,6,26.337,0.8674
223,7,26.4918,0.7757
224,0,26.8162,0.7829
224,1,27.0295,0.7882
224,2,26.9079,0.7627
224,3,26.7453,0.79
224,4,26.5598,0.8237
224,5,26.3724,0.8493
224,6,26.3551,0.866
224,7,26.5133,0.7725
225,0,26.8239,0.757
225,1,27.0532,0.7869
225,2,26.9253,0.7635
225,3,26.777,0.7756
225,4,26.5987,0.7854
225,5,26.4127,0.7764
225,6,26.4018,0.8128
225,7,26.5401,0.7791
226,0,26.8526,0.7601
226,1,27.0795,0.7934
226,2,26.9551,0.7708
226,3,26.8035,0.7838
226,4,26.6231,0.7939
226,5,26.4328,0.7886
226,6,26.4223,0.8214
226,7,26.5651,0.7844
227,0,26.8718,0.7695
227,1,27.0903,0.8066
227,2,26.9675,0.7813
227,3,26.8203,0.8015
227,4,26.6365,0.801
227,5,26.4431,0.7981
227,6,26.4372,0.8266
227,7,26.5801,0.791
228,0,26.8923,0.7763
228,1,27.1047,0.8073
228,2,26.9825,0.7835
228,3,26.8359,0.8077
228,4,26.6484,0.808
228,5,26.4583,0.8027
228,6,26.4526,0.8304
228,7,26.5981,0.7946
229,0,26.9166,0.7818
229,1,27.128,0.8087
229,2,27.0031,0.8044
229,3,26.8517,0.8319
229,4,26.6658,0.8188
229,5,26.4767,0.816
229,6,26.4758,0.8372
229,7,26.612,0.8082
230,0,26.9422,0.7701
230,1,27.1514,0.7886
230,2,27.0261,0.7899
230,3,26.8732,0.8247
230,4,26.6849,0.8112
230,5,26.4929,0.8127
230,6,26.4806,0.843
230,7,26.6178,0.8022
231,0,26.9479,0.7653
231,1,27.154,0.7859
231,2,27.0314,0.7899
231,3,26.8834,0.8256
231,4,26.6916,0.816
231,5,26.4963,0.8221
231,6,26.4953,0.8517
231,7,26.6264,0.8112
232,0,26.9495,0.7658
232,1,27.1503,0.7879
232,2,27.0363,0.7882
232,3,26.8909,0.8287
232,4,26.6955,0.8186
232,5,26.4927,0.8264
232,6,26.4937,0.8592
232,7,26.6273,0.8137
233,0,26.9531,0.7675
233,1,27.1536,0.791
233,2,27.0437,0.7951
233,3,26.9053,0.8342
233,4,26.7031,0.8273
233,5,26.504,0.8355
233,6,26.5058,0.8672
233,7,26.6357,0.8217
234,0,26.9574,0.7831
234,1,27.1586,0.8131
234,2,27.0574,0.81
234,3,26.9282,0.8422
234,4,26.7215,0.8356
234,5,26.516,0.8476
234,6,26.5207,0.8697
234,7,26.6506,0.828
235,0,26.9743,0.7925
235,1,27.1777,0.822
235,2,27.0751,0.8183
235,3,26.959,0.8197
235,4,26.7537,0.8017
235,5,26.5475,0.817
235,6,26.5522,0.8286
235,7,26.6816,0.7777
236,0,27.0006,0.7584
236,1,27.1958,0.8115
236,2,27.0987,0.8063
236,3,26.9838,0.8124
236,4,26.7782,0.7989
236,5,26.5676,0.816
236,6,26.5712,0.8302
236,7,26.7062,0.7796
237,0,27.0131,0.7678
237,1,27.2055,0.8193
237,2,27.1072,0.8061
237,3,26.996,0.8147
237,4,26.7927,0.8018
237,5,26.5786,0.8189
237,6,26.5798,0.8329
237,7,26.7207,0.7834
238,0,27.0276,0.7734
238,1,27.2149,0.8217
238,2,27.1218,0.812
238,3,27.0135,0.8231
238,4,26.8057,0.8067
238,5,26.5957,0.8246
238,6,26.5934,0.843
238,7,26.7324,0.7874
239,0,27.0301,0.7736
239,1,27.2143,0.8215
239,2,27.126,0.8117
239,3,27.0244,0.8297
239,4,26.8184,0.815
239,5,26.6072,0.8325
239,6,26.6015,0.8505
239,7,26.7376,0.7896
240,0,27.03,0.7763
240,1,27.2127,0.826
240,2,27.1253,0.814
240,3,27.0282,0.837
240,4,26.8156,0.8171
240,5,26.6176,0.8377
240,6,26.6118,0.8597
240,7,26.7396,0.7995
241,0,27.0337,0.7848
241,1,27.2179,0.8311
241,2,27.1349,0.8107
241,3,27.0406,0.8268
241,4,26.8259,0.8138
241,5,26.6314,0.8322
241,6,26.6302,0.8598
241,7,26.7573,0.7946
242,0,27.049,0.7828
242,1,27.2317,0.8271
242,2,27.1479,0.8179
242,3,27.059,0.8192
242,4,26.8431,0.8057
242,5,26.6499,0.8236
242,6,26.6539,0.8523
242,7,26.7693,0.7968
243,0,27.0606,0.7769
243,1,27.2424,0.8244
243,2,27.1545,0.8196
243,3,27.063,0.8261
243,4,26.8435,0.8197
243,5,26.6537,0.835
243,6,26.6549,0.8612
243,7,26.7609,0.8093
244,0,27.0563,0.7892
244,1,27.2415,0.8258
244,2,27.154,0.823
244,3,27.0619,0.8358
244,4,26.8491,0.8147
244,5,26.6551,0.8507
244,6,26.6528,0.894
244,7,26.7568,0.8432
245,0,27.0402,0.8183
245,1,27.2273,0.8502
245,2,27.1382,0.8464
245,3,27.0491,0.8643
245,4,26.8392,0.8402
245,5,26.6539,0.8616
245,6,26.6416,0.9036
245,7,26.7464,0.8498
246,0,27.0288,0.8204
246,1,27.2091,0.8525
246,2,27.1205,0.8486
246,3,27.0363,0.8666
246,4,26.8327,0.8429
246,5,26.6446,0.864
246,6,26.6326,0.9041
246,7,26.7387,0.8498
247,0,27.0232,0.8202
247,1,27.193,0.8534
247,2,27.1061,0.8459
247,3,27.0225,0.8676
247,4,26.8192,0.8404
247,5,26.6354,0.8609
247,6,26.6242,0.9051
247,7,26.7275,0.8575
248,0,27.0194,0.8275
248,1,27.1905,0.8697
248,2,27.0985,0.8634
248,3,27.0124,0.8941
248,4,26.8133,0.872
248,5,26.6238,0.8896
248,6,26.6168,0.9273
248,7,26.7153,0.8817
249,0,26.997,0.848
249,1,27.1746,0.8907
249,2,27.0848,0.879
249,3,27.0011,0.9117
249,4,26.7991,0.8858
249,5,26.6154,0.8939
249,6,26.6093,0.9264
249,7,26.7142,0.8881
250,0,26.9956,0.8539
250,1,27.1704,0.8894
250,2,27.0743,0.8786
250,3,26.9922,0.9071
250,4,26.7923,0.8871
250,5,26.6105,0.894
250,6,26.5929,0.9332
250,7,26.7081,0.8869
251,0,26.9904,0.852
251,1,27.1753,0.8841
251,2,27.0821,0.8723
251,3,26.9949,0.9041
251,4,26.7885,0.884
251,5,26.6181,0.8833
251,6,26.596,0.922
251,7,26.7166,0.8776
252,0,26.9984,0.8509
252,1,27.1743,0.892
252,2,27.0816,0.8944
252,3,26.9836,0.9422
252,4,26.7681,0.9259
252,5,26.5991,0.9166
252,6,26.5818,0.9441
252,7,26.7093,0.8935
253,0,27.0056,0.8537
253,1,27.1742,0.9019
253,2,27.0871,0.8888
253,3,26.9883,0.9431
253,4,26.7752,0.9176
253,5,26.5994,0.9296
253,6,26.5742,0.9721
253,7,26.6967,0.9242
254,0,26.9921,0.8778
254,1,27.1596,0.9242
254,2,27.0717,0.922
254,3,26.9776,0.9637
254,4,26.7621,0.9428
254,5,26.5896,0.9432
254,6,26.5688,0.9809
254,7,26.6917,0.931
255,0,26.9772,0.888
255,1,27.1422,0.9394
255,2,27.0517,0.9542
255,3,26.9545,0.9979
255,4,26.7336,0.9744
255,5,26.566,0.9619
255,6,26.5511,1.0037
255,7,26.6666,0.9621
256,0,26.9497,0.9136
256,1,27.1081,0.9596
256,2,27.0254,0.9692
256,3,26.928,1.0117
256,4,26.7015,0.9868
256,5,26.5431,0.9738
256,6,26.5285,1.0064
256,7,26.644,0.9622
257,0,26.9248,0.9186
257,1,27.085,0.9598
257,2,27.0056,0.9681
257,3,26.9157,1.008
257,4,26.6874,0.9851
257,5,26.5317,0.9727
257,6,26.5195,1.0051
257,7,26.6391,0.959
258,0,26.9218,0.9141
258,1,27.0834,0.9521
258,2,27.0032,0.9613
258,3,26.9116,0.998
258,4,26.6858,0.9791
258,5,26.5266,0.9689
258,6,26.5205,1.0021
258,7,26.633,0.9577
259,0,26.9102,0.9109
259,1,27.0717,0.952
259,2,26.999,0.9617
259,3,26.9044,0.9967
259,4,26.6788,0.9764
259,5,26.5229,0.964
259,6,26.5206,0.9978
259,7,26.6361,0.9512
260,0,26.9031,0.9033
260,1,27.0647,0.9455
260,2,26.9986,0.937
260,3,26.9108,0.9623
260,4,26.6824,0.9552
260,5,26.522,0.9462
260,6,26.5176,0.9774
260,7,26.63,0.9311
261,0,26.8978,0.9052
261,1,27.058,0.9545
261,2,26.9897,0.944
261,3,26.8971,0.9757
261,4,26.6699,0.972
261,5,26.5117,0.9547
261,6,26.5055,0.9895
261,7,26.6261,0.9404
262,0,26.89,0.924
262,1,27.0513,0.968
262,2,26.9786,0.953
262,3,26.8825,0.9795
262,4,26.653,0.9826
262,5,26.4953,0.9678
262,6,26.4878,0.9916
262,7,26.6053,0.9516
263,0,26.878,0.9345
263,1,27.0442,0.9825
263,2,26.9686,0.9673
263,3,26.8702,0.9898
263,4,26.6374,0.9966
263,5,26.4818,0.9817
263,6,26.4747,1.0066
263,7,26.5925,0.9758
264,0,26.8614,0.9602
264,1,27.0261,1.0034
264,2,26.9485,0.9889
264,3,26.8451,1.0088
264,4,26.6209,1.0122
264,5,26.4656,0.992
264,6,26.4575,1.0139
264,7,26.572,0.9826
265,0,26.8438,0.961
265,1,27.0027,1.0015
265,2,26.927,0.9885
265,3,26.8205,1.0107
265,4,26.6034,1.0125
265,5,26.4511,0.9873
265,6,26.4474,1.0158
265,7,26.5597,0.9833
266,0,26.8199,0.964
266,1,26.9779,1.0014
266,2,26.9078,0.9895
266,3,26.7965,1.0134
266,4,26.5842,1.0087
266,5,26.4279,0.9806
266,6,26.4245,1.0146
266,7,26.5363,0.9827
267,0,26.8019,0.9575
267,1,26.9582,0.9909
267,2,26.883,0.9799
267,3,26.773,1.0059
267,4,26.5573,1.002
267,5,26.4035,0.974
267,6,26.399,1.0088
267,7,26.5047,0.9793
268,0,26.7798,0.9465
268,1,26.9322,0.9832
268,2,26.8641,0.9739
268,3,26.7473,1.0009
268,4,26.5347,0.9933
268,5,26.3859,0.9653
268,6,26.3862,1.0004
268,7,26.4919,0.9724
269,0,26.7629,0.9323
269,1,26.9186,0.9671
269,2,26.8492,0.9585
269,3,26.7275,0.988
269,4,26.5175,0.9804
269,5,26.3663,0.9527
269,6,26.3653,0.9882
269,7,26.469,0.9666
270,0,26.7454,0.9253
270,1,26.902,0.9596
270,2,26.8323,0.9538
270,3,26.7086,0.9815
270,4,26.4986,0.9733
270,5,26.3497,0.9464
270,6,26.3468,0.9841
270,7,26.4583,0.9651
271,0,26.7252,0.9226
271,1,26.8797,0.9547
271,2,26.8099,0.9515
271,3,26.6847,0.9769
271,4,26.4796,0.9679
271,5,26.328,0.9431
271,6,26.3296,0.9751
271,7,26.4446,0.9563
272,0,26.7152,0.917
272,1,26.87,0.9473
272,2,26.7991,0.9473
272,3,26.6726,0.97
272,4,26.4684,0.9586
272,5,26.3134,0.9356
272,6,26.3002,0.9808
272,7,26.4199,0.9591
273,0,26.6898,0.9262
273,1,26.8468,0.9534
273,2,26.7751,0.9414
273,3,26.6517,0.9714
273,4,26.4507,0.9566
273,5,26.2948,0.9379
273,6,26.273,0.9823
273,7,26.394,0.9616
274,0,26.6665,0.9293
274,1,26.8288,0.9479
274,2,26.7602,0.943
274,3,26.6364,0.9784
274,4,26.4342,0.9701
274,5,26.2765,0.9368
274,6,26.2615,0.9809
274,7,26.3819,0.9672
275,0,26.6495,0.9304
275,1,26.8055,0.9509
275,2,26.7392,0.947
275,3,26.6238,0.9744
275,4,26.4147,0.9726
275,5,26.2571,0.9306
275,6,26.2469,0.9636
275,7,26.3641,0.9551
276,0,26.6294,0.9402
276,1,26.7817,0.9628
276,2,26.7222,0.9545
276,3,26.6097,0.9671
276,4,26.4035,0.9631
276,5,26.2449,0.9267
276,6,26.237,0.9679
276,7,26.3503,0.9717
277,0,26.6097,0.9515
277,1,26.7596,0.972
277,2,26.7034,0.9649
277,3,26.5922,0.9767
277,4,26.391,0.9684
277,5,26.2323,0.939
277,6,26.2243,0.9771
277,7,26.3361,0.9728
278,0,26.5973,0.9526
278,1,26.7529,0.9708
278,2,26.6873,0.9746
278,3,26.5789,0.9865
278,4,26.376,0.9863
278,5,26.2171,0.9525
278,6,26.2093,0.9804
278,7,26.333,0.9717
279,0,26.592,0.9478
279,1,26.747,0.9551
279,2,26.6792,0.9643
279,3,26.5732,0.9717
279,4,26.3714,0.965
279,5,26.2137,0.9324
279,6,26.1986,0.9647
279,7,26.3281,0.9546
280,0,26.5898,0.9375
280,1,26.7379,0.9394
280,2,26.6727,0.9531
280,3,26.5652,0.9577
280,4,26.3626,0.9555
280,5,26.2002,0.9276
280,6,26.1885,0.9651
280,7,26.3094,0.9472
281,0,26.572,0.9299
281,1,26.7156,0.9364
281,2,26.6562,0.9489
281,3,26.5474,0.9565
281,4,26.3451,0.9477
281,5,26.1834,0.9163
281,6,26.1814,0.9549
281,7,26.2994,0.9455
282,0,26.5569,0.9297
282,1,26.6976,0.9343
282,2,26.639,0.946
282,3,26.5372,0.9545
282,4,26.335,0.9456
282,5,26.1759,0.9123
282,6,26.1682,0.9529
282,7,26.2891,0.9441
283,0,26.5492,0.9216
283,1,26.6932,0.922
283,2,26.6344,0.9297
283,3,26.5356,0.9326
283,4,26.3389,0.9249
283,5,26.178,0.8945
283,6,26.1652,0.938
283,7,26.2866,0.9336
284,0,26.542,0.9134
284,1,26.6816,0.9136
284,2,26.6148,0.9339
284,3,26.5197,0.9331
284,4,26.3261,0.9213
284,5,26.1711,0.8791
284,6,26.1525,0.9117
284,7,26.2834,0.9048
285,0,26.5278,0.8928
285,1,26.6634,0.8949
285,2,26.5963,0.9104
285,3,26.5006,0.9164
285,4,26.3161,0.9032
285,5,26.1558,0.8686
285,6,26.1332,0.9024
285,7,26.2653,0.901
286,0,26.5129,0.8862
286,1,26.6463,0.8858
286,2,26.5823,0.891
286,3,26.4923,0.8927
286,4,26.3159,0.8787
286,5,26.1562,0.854
286,6,26.1272,0.8809
286,7,26.2585,0.8838
287,0,26.5009,0.8719
287,1,26.6333,0.8744
287,2,26.567,0.8816
287,3,26.4827,0.8792
287,4,26.3071,0.8674
287,5,26.1437,0.8485
287,6,26.1188,0.8753
287,7,26.2461,0.879
288,0,26.4899,0.864
288,1,26.6122,0.8769
288,2,26.5475,0.8898
288,3,26.463,0.8824
288,4,26.2947,0.8721
288,5,26.1255,0.8594
288,6,26.0956,0.8898
288,7,26.223,0.8986
289,0,26.4669,0.8767
289,1,26.5919,0.8856
289,2,26.5255,0.9078
289,3,26.4387,0.8993
289,4,26.2705,0.8936
289,5,26.1037,0.8797
289,6,26.0661,0.9162
289,7,26.1955,0.9334
290,0,26.4315,0.9205
290,1,26.555,0.9268
290,2,26.4896,0.9433
290,3,26.4027,0.9348
290,4,26.2425,0.9179
290,5,26.0724,0.908
290,6,26.0402,0.9358
290,7,26.1611,0.9507
291,0,26.4109,0.935
291,1,26.5317,0.9436
291,2,26.4699,0.9551
291,3,26.3862,0.9482
291,4,26.2202,0.9227
291,5,26.0483,0.9157
291,6,26.026,0.9446
291,7,26.1488,0.9638
292,0,26.3866,0.9391
292,1,26.5088,0.9457
292,2,26.4483,0.9643
292,3,26.3718,0.9464
292,4,26.2068,0.9189
292,5,26.0382,0.9162
292,6,26.0196,0.9361
292,7,26.1339,0.961
293,0,26.3703,0.9346
293,1,26.4854,0.9432
293,2,26.426,0.9639
293,3,26.358,0.9465
293,4,26.1961,0.9128
293,5,26.0287,0.9057
293,6,26.011,0.9427
293,7,26.1238,0.963
294,0,26.3452,0.9475
294,1,26.4538,0.9751
294,2,26.3955,1.0036
294,3,26.3278,0.9816
294,4,26.1816,0.9159
294,5,26.0039,0.9318
294,6,25.9873,0.9632
294,7,26.1016,0.978
295,0,26.3166,0.9631
295,1,26.4215,0.9917
295,2,26.3668,1.0208
295,3,26.3031,0.9963
295,4,26.1523,0.9318
295,5,25.9738,0.9462
295,6,25.9584,0.98
295,7,26.081,0.9907
296,0,26.2882,0.9759
296,1,26.3944,1.0025
296,2,26.3405,1.0326
296,3,26.2816,1.0002
296,4,26.125,0.9417
296,5,25.9481,0.9607
296,6,25.9355,0.9847
296,7,26.0528,0.9947
297,0,26.2631,0.974
297,1,26.3641,1.0039
297,2,26.3051,1.0347
297,3,26.2508,0.999
297,4,26.089,0.9447
297,5,25.9191,0.9623
297,6,25.9122,0.9867
297,7,26.0273,1.0056
298,0,26.2344,0.9765
298,1,26.3285,1.0094
298,2,26.2707,1.0439
298,3,26.2092,1.0052
298,4,26.0524,0.9485
298,5,25.8845,0.9626
298,6,25.8847,0.9897
298,7,26.0085,1.0048
299,0,26.2037,0.9773
299,1,26.2991,1.0119
299,2,26.2283,1.0483
299,3,26.1726,1.0111
299,4,26.011,0.9674
299,5,25.844,0.9767
299,6,25.8534,1.0034
299,7,25.9741,1.0075
300,0,26.1738,0.9812
300,1,26.2645,1.0153
300,2,26.1905,1.0544
300,3,26.1337,1.0177
300,4,25.9671,0.9814
300,5,25.8015,0.9873
300,6,25.8184,1.0224
300,7,25.9378,1.0341
301,0,26.1357,1.0102
301,1,26.223,1.0415
301,2,26.1518,1.0707
301,3,26.095,1.036
301,4,25.9273,0.9989
301,5,25.7611,0.9963
301,6,25.7866,1.0409
301,7,25.8999,1.0558
302,0,26.1011,1.0357
302,1,26.1824,1.0658
302,2,26.1118,1.0959
302,3,26.0556,1.0541
302,4,25.8845,1.0209
302,5,25.7208,1.0085
302,6,25.7489,1.0563
302,7,25.8569,1.0747
303,0,26.0536,1.0521
303,1,26.1346,1.0799
303,2,26.0612,1.1079
303,3,26.005,1.0701
303,4,25.8329,1.0404
303,5,25.6709,1.0257
303,6,25.7184,1.0654
303,7,25.8206,1.0864
304,0,26.0148,1.0648
304,1,26.0985,1.0833
304,2,26.0208,1.1125
304,3,25.9671,1.0687
304,4,25.7865,1.0452
304,5,25.63,1.0284
304,6,25.6917,1.0688
304,7,25.7969,1.0893
305,0,25.9831,1.0717
305,1,26.0549,1.0924
305,2,25.9844,1.1122
305,3,25.9342,1.0686
305,4,25.7589,1.0396
305,5,25.6011,1.0233
305,6,25.6663,1.0648
305,7,25.7677,1.0915
306,0,25.9595,1.07
306,1,26.0318,1.0898
306,2,25.958,1.1087
306,3,25.908,1.0642
306,4,25.7308,1.0343
306,5,25.5808,1.0148
306,6,25.6467,1.0568
306,7,25.7524,1.0835
307,0,25.943,1.0583
307,1,26.013,1.0765
307,2,25.9414,1.0942
307,3,25.8854,1.0531
307,4,25.7034,1.0295
307,5,25.5534,1.0089
307,6,25.6218,1.0524
307,7,25.7268,1.0771
308,0,25.9129,1.0612
308,1,25.9862,1.0761
308,2,25.9088,1.0873
308,3,25.8497,1.0502
308,4,25.6663,1.0307
308,5,25.5198,1.005
308,6,25.5882,1.0449
308,7,25.6957,1.0795
309,0,25.8788,1.0611
309,1,25.9482,1.0715
309,2,25.8791,1.0802
309,3,25.8207,1.038
309,4,25.6443,1.0142
309,5,25.4959,0.9924
309,6,25.5653,1.0379
309,7,25.6668,1.0711
310,0,25.8414,1.0559
310,1,25.9064,1.0677
310,2,25.8422,1.0719
310,3,25.7887,1.03
310,4,25.609,1.0058
310,5,25.4592,0.9828
310,6,25.5344,1.0377
310,7,25.6379,1.0675
311,0,25.8129,1.0488
311,1,25.8786,1.0642
311,2,25.8136,1.0705
311,3,25.7584,1.0301
311,4,25.5759,1.0068
311,5,25.4238,0.9901
311,6,25.4967,1.0493
311,7,25.6088,1.0798
312,0,25.7684,1.0679
312,1,25.8423,1.0867
312,2,25.775,1.0948
312,3,25.7161,1.0602
312,4,25.5333,1.0394
312,5,25.3814,1.0192
312,6,25.4531,1.0774
312,7,25.5639,1.0991
313,0,25.7274,1.0822
313,1,25.7919,1.1012
313,2,25.7241,1.1033
313,3,25.6624,1.0634
313,4,25.4883,1.0404
313,5,25.3313,1.0167
313,6,25.4125,1.082
313,7,25.5221,1.0993
314,0,25.6847,1.0816
314,1,25.748,1.099
314,2,25.677,1.0993
314,3,25.6223,1.0566
314,4,25.4503,1.0294
314,5,25.2946,1.0118
314,6,25.3765,1.0833
314,7,25.4837,1.0995
315,0,25.6429,1.0795
315,1,25.7068,1.0958
315,2,25.6338,1.0988
315,3,25.5765,1.0591
315,4,25.4036,1.034
315,5,25.2446,1.0151
315,6,25.3389,1.0905
315,7,25.4379,1.1041
316,0,25.5946,1.0919
316,1,25.654,1.1251
316,2,25.5832,1.1303
316,3,25.5196,1.105
316,4,25.3508,1.0691
316,5,25.1861,1.0552
316,6,25.2854,1.1262
316,7,25.3833,1.1415
317,0,25.5408,1.129
317,1,25.5995,1.1541
317,2,25.5293,1.1514
317,3,25.4659,1.1279
317,4,25.2943,1.0951
317,5,25.1266,1.0801
317,6,25.2293,1.1528
317,7,25.3327,1.1668
318,0,25.4883,1.1576
318,1,25.5479,1.1848
318,2,25.4758,1.1794
318,3,25.4123,1.1506
318,4,25.2464,1.1185
318,5,25.0789,1.1044
318,6,25.1733,1.1792
318,7,25.2804,1.1982
319,0,25.436,1.1866
319,1,25.4982,1.2082
319,2,25.4211,1.195
319,3,25.3588,1.1661
319,4,25.1974,1.1258
319,5,25.0383,1.0991
319,6,25.1318,1.18
319,7,25.2372,1.1935
320,0,25.3862,1.1782
320,1,25.4506,1.1922
320,2,25.3746,1.177
320,3,25.3098,1.1632
320,4,25.1515,1.1229
320,5,24.9929,1.1039
320,6,25.1051,1.1756
320,7,25.1914,1.2153
321,0,25.3422,1.1873
321,1,25.4028,1.2031
321,2,25.3209,1.1871
321,3,25.2662,1.1692
321,4,25.1096,1.1265
321,5,24.9574,1.1074
321,6,25.0591,1.1817
321,7,25.1424,1.2438
322,0,25.2832,1.2274
322,1,25.3446,1.2355
322,2,25.259,1.2093
322,3,25.2055,1.1881
322,4,25.0632,1.148
322,5,24.9205,1.118
322,6,25.0236,1.1699
322,7,25.1126,1.2337
323,0,25.2615,1.2209
323,1,25.3186,1.2259
323,2,25.2328,1.1918
323,3,25.1729,1.1744
323,4,25.0312,1.1312
323,5,24.8821,1.1013
323,6,24.9894,1.1661
323,7,25.0824,1.2243
324,0,25.2255,1.2146
324,1,25.2837,1.221
324,2,25.2044,1.1945
324,3,25.1371,1.1757
324,4,24.9899,1.1314
324,5,24.847,1.0948
324,6,24.9435,1.1567
324,7,25.0346,1.2259
325,0,25.1832,1.2229
325,1,25.2504,1.2095
325,2,25.1726,1.1773
325,3,25.115,1.1641
325,4,24.9596,1.1315
325,5,24.8294,1.0819
325,6,24.9187,1.1435
325,7,25.0122,1.2104
326,0,25.1685,1.2109
326,1,25.2349,1.2
326,2,25.1584,1.1607
326,3,25.1038,1.1517
326,4,24.9488,1.121
326,5,24.8177,1.0647
326,6,24.9087,1.1297
326,7,24.9864,1.195
327,0,25.1482,1.1956
327,1,25.2087,1.185
327,2,25.1303,1.1402
327,3,25.0737,1.1343
327,4,24.9252,1.1022
327,5,24.7937,1.0404
327,6,24.8813,1.1126
327,7,24.9637,1.1876
328,0,25.1241,1.1887
328,1,25.1846,1.1762
328,2,25.1197,1.1317
328,3,25.0641,1.1316
328,4,24.9118,1.0985
328,5,24.7822,1.0379
328,6,24.859,1.1
328,7,24.9395,1.1706
329,0,25.0926,1.1806
329,1,25.1554,1.1707
329,2,25.1023,1.1212
329,3,25.0562,1.1329
329,4,24.9029,1.1022
329,5,24.7698,1.0414
329,6,24.838,1.0926
329,7,24.9096,1.1612
330,0,25.0634,1.1759
330,1,25.1295,1.167
330,2,25.0894,1.1252
330,3,25.047,1.1367
330,4,24.9028,1.0967
330,5,24.7644,1.0368
330,6,24.8204,1.0795
330,7,24.8871,1.1545
331,0,25.0406,1.1647
331,1,25.1103,1.1566
331,2,25.0729,1.1149
331,3,25.0405,1.1332
331,4,24.9028,1.0921
331,5,24.7606,1.0313
331,6,24.8058,1.0616
331,7,24.8734,1.1401
332,0,25.0183,1.1521
332,1,25.0894,1.1491
332,2,25.0529,1.1032
332,3,25.0221,1.1199
332,4,24.8911,1.0797
332,5,24.7526,1.0263
332,6,24.7896,1.0436
332,7,24.8553,1.1212
333,0,24.9916,1.133
333,1,25.0694,1.1347
333,2,25.0301,1.0937
333,3,25.0013,1.115
333,4,24.8783,1.0779
333,5,24.7392,1.0289
333,6,24.7624,1.0389
333,7,24.8259,1.1111
334,0,24.9599,1.124
334,1,25.0388,1.1244
334,2,25.0081,1.0871
334,3,24.9854,1.109
334,4,24.8707,1.0712
334,5,24.7345,1.0208
334,6,24.7447,1.0233
334,7,24.8093,1.1001
335,0,24.9428,1.1094
335,1,25.0139,1.1125
335,2,24.9936,1.0826
335,3,24.9669,1.1061
335,4,24.8607,1.0721
335,5,24.7197,1.0153
335,6,24.7164,1.0068
335,7,24.7785,1.0876
336,0,24.9188,1.0996
336,1,24.9929,1.1015
336,2,24.9689,1.0711
336,3,24.9417,1.0939
336,4,24.8341,1.0619
336,5,24.6999,1.0177
336,6,24.6869,1.0021
336,7,24.7494,1.0795
337,0,24.8759,1.0929
337,1,24.9539,1.0924
337,2,24.9347,1.0607
337,3,24.9048,1.0839
337,4,24.8023,1.0604
337,5,24.6577,1.0177
337,6,24.6389,1.0161
337,7,24.7011,1.0902
338,0,24.8233,1.1136
338,1,24.8885,1.1283
338,2,24.8632,1.1016
338,3,24.8427,1.1364
338,4,24.7445,1.1179
338,5,24.5943,1.0831
338,6,24.5717,1.0719
338,7,24.6439,1.1237
339,0,24.7728,1.1342
339,1,24.8391,1.1416
339,2,24.8203,1.1277
339,3,24.7988,1.1714
339,4,24.7004,1.1583
339,5,24.5438,1.1335
339,6,24.5183,1.1191
339,7,24.5827,1.1644
340,0,24.7047,1.1773
340,1,24.7681,1.2042
340,2,24.7565,1.183
340,3,24.7335,1.2227
340,4,24.6334,1.204
340,5,24.4851,1.1815
340,6,24.4512,1.1691
340,7,24.5183,1.209
341,0,24.6483,1.2089
341,1,24.7149,1.2345
341,2,24.7081,1.2189
341,3,24.6905,1.2435
341,4,24.5899,1.234
341,5,24.4353,1.2111
341,6,24.4054,1.1993
341,7,24.4632,1.2354
342,0,24.5909,1.231
342,1,24.6619,1.2531
342,2,24.6658,1.2288
342,3,24.6483,1.2578
342,4,24.5508,1.2478
342,5,24.4052,1.2241
342,6,24.3804,1.2075
342,7,24.4361,1.2376
343,0,24.5704,1.2213
343,1,24.6366,1.2395
343,2,24.6415,1.2134
343,3,24.6305,1.2469
343,4,24.5294,1.2444
343,5,24.3843,1.2252
343,6,24.3606,1.2131
343,7,24.4128,1.2371
344,0,24.5431,1.2251
344,1,24.6161,1.2442
344,2,24.6181,1.2168
344,3,24.6097,1.2509
344,4,24.5048,1.2548
344,5,24.3657,1.237
344,6,24.335,1.2267
344,7,24.3877,1.2451
345,0,24.5187,1.2327
345,1,24.5923,1.2536
345,2,24.5986,1.2267
345,3,24.588,1.2529
345,4,24.4807,1.2582
345,5,24.3455,1.2407
345,6,24.3072,1.2278
345,7,24.359,1.2428
346,0,24.4872,1.2293
346,1,24.5637,1.2473
346,2,24.5773,1.2236
346,3,24.5653,1.2472
346,4,24.4619,1.2511
346,5,24.3267,1.2382
346,6,24.2746,1.2275
346,7,24.3251,1.243
347,0,24.4611,1.228
347,1,24.5484,1.2323
347,2,24.5718,1.2057
347,3,24.5586,1.2228
347,4,24.4498,1.2318
347,5,24.3228,1.2186
347,6,24.2621,1.207
347,7,24.3158,1.2178
348,0,24.4504,1.2062
348,1,24.5445,1.219
348,2,24.5706,1.1934
348,3,24.5575,1.2055
348,4,24.4464,1.2134
348,5,24.3175,1.1987
348,6,24.2461,1.1908
348,7,24.2962,1.2042
349,0,24.4357,1.179
349,1,24.53,1.1887
349,2,24.5552,1.1779
349,3,24.5371,1.1988
349,4,24.4246,1.2061
349,5,24.3005,1.186
349,6,24.2321,1.1757
349,7,24.2767,1.1798
350,0,24.4159,1.1505
350,1,24.5146,1.1627
350,2,24.5435,1.1543
350,3,24.525,1.1771
350,4,24.4092,1.1861
350,5,24.2838,1.1727
350,6,24.214,1.1637
350,7,24.2589,1.1713
351,0,24.396,1.1384
351,1,24.491,1.1513
351,2,24.5249,1.1422
351,3,24.5141,1.1626
351,4,24.398,1.1706
351,5,24.2726,1.1466
351,6,24.191,1.1456
351,7,24.2489,1.1292
352,0,24.3869,1.107
352,1,24.4853,1.1173
352,2,24.5254,1.1051
352,3,24.5158,1.1337
352,4,24.3929,1.1481
352,5,24.2636,1.1207
352,6,24.1884,1.1208
352,7,24.2558,1.0908
353,0,24.3963,1.0514
353,1,24.4912,1.0659
353,2,24.5277,1.0625
353,3,24.5149,1.0929
353,4,24.3885,1.117
353,5,24.2531,1.1031
353,6,24.1659,1.1133
353,7,24.2307,1.0818
354,0,24.3686,1.0387
354,1,24.4679,1.0533
354,2,24.5078,1.0535
354,3,24.4947,1.085
354,4,24.3683,1.1115
354,5,24.2321,1.0983
354,6,24.1455,1.106
354,7,24.2019,1.0767
355,0,24.3431,1.0332
355,1,24.4448,1.0524
355,2,24.4845,1.051
355,3,24.4725,1.0868
355,4,24.3502,1.1162
355,5,24.2037,1.1079
355,6,24.1195,1.1155
355,7,24.1876,1.0756
356,0,24.3287,1.0289
356,1,24.4284,1.0473
356,2,24.4688,1.0419
356,3,24.4499,1.0795
356,4,24.3262,1.1157
356,5,24.177,1.1085
356,6,24.0923,1.1124
356,7,24.1588,1.0718
357,0,24.2952,1.0257
357,1,24.3955,1.0424
357,2,24.4327,1.0412
357,3,24.4175,1.0798
357,4,24.2925,1.1174
357,5,24.1429,1.11
357,6,24.0587,1.1091
357,7,24.1286,1.0677
358,0,24.2644,1.02
358,1,24.3726,1.0374
358,2,24.4139,1.035
358,3,24.3926,1.0759
358,4,24.2663,1.1155
358,5,24.117,1.1059
358,6,24.0304,1.1047
358,7,24.1026,1.0601
359,0,24.2357,1.0165
359,1,24.3467,1.035
359,2,24.3845,1.0286
359,3,24.3707,1.0719
359,4,24.245,1.1115
359,5,24.0936,1.0959
359,6,24.0051,1.0962
359,7,24.0812,1.056
360,0,24.2102,1.0134
360,1,24.3286,1.0286
360,2,24.3629,1.0189
360,3,24.3495,1.0617
360,4,24.2281,1.1046
360,5,24.0772,1.0877
360,6,23.9862,1.0825
360,7,24.0625,1.0416
361,0,24.196,1.0108
361,1,24.3111,1.0216
361,2,24.3485,1.0075
361,3,24.3366,1.0485
361,4,24.2117,1.0921
361,5,24.0641,1.0771
361,6,23.9705,1.0701
361,7,24.052,1.0347
362,0,24.1825,1.0012
362,1,24.2949,1.0111
362,2,24.3335,0.9964
362,3,24.3204,1.0391
362,4,24.1956,1.0802
362,5,24.0484,1.0651
362,6,23.9529,1.058
362,7,24.0459,1.0258
363,0,24.1758,0.9871
363,1,24.2918,0.9974
363,2,24.3249,0.9857
363,3,24.2931,1.0699
363,4,24.1854,1.0699
363,5,24.0413,1.0563
363,6,23.9307,1.0796
363,7,24.0347,1.0212
364,0,24.1741,0.9808
364,1,24.2906,0.9856
364,2,24.3299,0.9702
364,3,24.2975,1.0552
364,4,24.1891,1.0547
364,5,24.0421,1.0392
364,6,23.93,1.0629
364,7,24.0409,1.0135
